date,county,state,county_fips,cases,deaths,weekday,2019pop,tests_neg,tests_pos,tests_total,cases_per_100k,deaths_per_100k,tests_per_100k
2020-03-01,Washington,Oregon,41067,2.0,0.0,6.0,601592.0,20.0,8.0,28.0,0.33,0.0,4.65
2020-03-08,Douglas,Oregon,41019,1.0,0.0,6.0,110980.0,,,,0.9,0.0,
2020-03-08,Jackson,Oregon,41029,2.0,0.0,6.0,220944.0,,,,0.91,0.0,
2020-03-08,Klamath,Oregon,41035,1.0,0.0,6.0,68238.0,,,,1.47,0.0,
2020-03-08,Marion,Oregon,41047,1.0,0.0,6.0,347818.0,,,,0.29,0.0,
2020-03-08,Washington,Oregon,41067,8.0,0.0,6.0,601592.0,170.0,9.0,179.0,1.33,0.0,29.75
2020-03-15,Clackamas,Oregon,41005,1.0,0.0,6.0,418187.0,516.0,20.0,536.0,0.24,0.0,128.17
2020-03-15,Deschutes,Oregon,41017,4.0,0.0,6.0,197692.0,,,,2.02,0.0,
2020-03-15,Douglas,Oregon,41019,1.0,0.0,6.0,110980.0,,,,0.9,0.0,
2020-03-15,Jackson,Oregon,41029,2.0,0.0,6.0,220944.0,,,,0.91,0.0,
2020-03-15,Klamath,Oregon,41035,1.0,0.0,6.0,68238.0,,,,1.47,0.0,
2020-03-15,Linn,Oregon,41043,10.0,0.0,6.0,129749.0,,,,7.71,0.0,
2020-03-15,Marion,Oregon,41047,2.0,0.0,6.0,347818.0,,,,0.58,0.0,
2020-03-15,Multnomah,Oregon,41051,1.0,1.0,6.0,812855.0,1730.0,41.0,1771.0,0.12,0.12,217.87
2020-03-15,Polk,Oregon,41053,1.0,0.0,6.0,86085.0,,,,1.16,0.0,
2020-03-15,Umatilla,Oregon,41059,2.0,0.0,6.0,77950.0,,,,2.57,0.0,
2020-03-15,Washington,Oregon,41067,13.0,0.0,6.0,601592.0,697.0,64.0,761.0,2.16,0.0,126.5
2020-03-15,Yamhill,Oregon,41071,1.0,0.0,6.0,107100.0,183.0,5.0,188.0,0.93,0.0,175.54
2020-03-22,Benton,Oregon,41003,4.0,0.0,6.0,93053.0,,,,4.3,0.0,
2020-03-22,Clackamas,Oregon,41005,12.0,0.0,6.0,418187.0,628.0,29.0,657.0,2.87,0.0,157.11
2020-03-22,Deschutes,Oregon,41017,10.0,0.0,6.0,197692.0,,,,5.06,0.0,
2020-03-22,Douglas,Oregon,41019,1.0,0.0,6.0,110980.0,,,,0.9,0.0,
2020-03-22,Grant,Oregon,41023,1.0,0.0,6.0,7199.0,,,,13.89,0.0,
2020-03-22,Jackson,Oregon,41029,2.0,0.0,6.0,220944.0,,,,0.91,0.0,
2020-03-22,Josephine,Oregon,41033,1.0,0.0,6.0,87487.0,,,,1.14,0.0,
2020-03-22,Klamath,Oregon,41035,1.0,0.0,6.0,68238.0,,,,1.47,0.0,
2020-03-22,Lane,Oregon,41039,4.0,1.0,6.0,382067.0,,,,1.05,0.26,
2020-03-22,Linn,Oregon,41043,19.0,1.0,6.0,129749.0,,,,14.64,0.77,
2020-03-22,Marion,Oregon,41047,22.0,1.0,6.0,347818.0,,,,6.33,0.29,
2020-03-22,Multnomah,Oregon,41051,19.0,1.0,6.0,812855.0,1608.0,95.0,1703.0,2.34,0.12,209.51
2020-03-22,Polk,Oregon,41053,1.0,0.0,6.0,86085.0,,,,1.16,0.0,
2020-03-22,Umatilla,Oregon,41059,2.0,0.0,6.0,77950.0,,,,2.57,0.0,
2020-03-22,Union,Oregon,41061,1.0,0.0,6.0,26835.0,,,,3.73,0.0,
2020-03-22,Washington,Oregon,41067,55.0,1.0,6.0,601592.0,933.0,90.0,1023.0,9.14,0.17,170.05
2020-03-22,Yamhill,Oregon,41071,6.0,0.0,6.0,107100.0,195.0,10.0,205.0,5.6,0.0,191.41
2020-03-29,Benton,Oregon,41003,9.0,0.0,6.0,93053.0,,,,9.67,0.0,
2020-03-29,Clackamas,Oregon,41005,39.0,2.0,6.0,418187.0,846.0,49.0,895.0,9.33,0.48,214.02
2020-03-29,Clatsop,Oregon,41007,3.0,0.0,6.0,40224.0,,,,7.46,0.0,
2020-03-29,Columbia,Oregon,41009,1.0,0.0,6.0,52354.0,,,,1.91,0.0,
2020-03-29,Deschutes,Oregon,41017,23.0,0.0,6.0,197692.0,,,,11.63,0.0,
2020-03-29,Douglas,Oregon,41019,4.0,0.0,6.0,110980.0,,,,3.6,0.0,
2020-03-29,Grant,Oregon,41023,1.0,0.0,6.0,7199.0,,,,13.89,0.0,
2020-03-29,Hood River,Oregon,41027,2.0,0.0,6.0,23382.0,,,,8.55,0.0,
2020-03-29,Jackson,Oregon,41029,19.0,0.0,6.0,220944.0,,,,8.6,0.0,
2020-03-29,Josephine,Oregon,41033,6.0,0.0,6.0,87487.0,,,,6.86,0.0,
2020-03-29,Klamath,Oregon,41035,4.0,0.0,6.0,68238.0,,,,5.86,0.0,
2020-03-29,Lane,Oregon,41039,10.0,1.0,6.0,382067.0,,,,2.62,0.26,
2020-03-29,Lincoln,Oregon,41041,1.0,0.0,6.0,49962.0,,,,2.0,0.0,
2020-03-29,Linn,Oregon,41043,36.0,1.0,6.0,129749.0,,,,27.75,0.77,
2020-03-29,Marion,Oregon,41047,109.0,3.0,6.0,347818.0,,,,31.34,0.86,
2020-03-29,Morrow,Oregon,41049,1.0,0.0,6.0,11603.0,,,,8.62,0.0,
2020-03-29,Multnomah,Oregon,41051,91.0,2.0,6.0,812855.0,1877.0,157.0,2034.0,11.2,0.25,250.23
2020-03-29,Polk,Oregon,41053,13.0,0.0,6.0,86085.0,,,,15.1,0.0,
2020-03-29,Tillamook,Oregon,41057,2.0,0.0,6.0,27036.0,,,,7.4,0.0,
2020-03-29,Umatilla,Oregon,41059,4.0,0.0,6.0,77950.0,,,,5.13,0.0,
2020-03-29,Union,Oregon,41061,1.0,0.0,6.0,26835.0,,,,3.73,0.0,
2020-03-29,Wasco,Oregon,41065,3.0,0.0,6.0,26682.0,,,,11.24,0.0,
2020-03-29,Washington,Oregon,41067,154.0,3.0,6.0,601592.0,1292.0,113.0,1405.0,25.6,0.5,233.55
2020-03-29,Yamhill,Oregon,41071,13.0,1.0,6.0,107100.0,233.0,15.0,248.0,12.14,0.93,231.56
2020-04-05,Benton,Oregon,41003,19.0,1.0,6.0,93053.0,,,,20.42,1.07,
2020-04-05,Clackamas,Oregon,41005,84.0,3.0,6.0,418187.0,807.0,50.0,857.0,20.09,0.72,204.93
2020-04-05,Clatsop,Oregon,41007,4.0,0.0,6.0,40224.0,,,,9.94,0.0,
2020-04-05,Columbia,Oregon,41009,6.0,0.0,6.0,52354.0,,,,11.46,0.0,
2020-04-05,Crook,Oregon,41013,1.0,0.0,6.0,24404.0,,,,4.1,0.0,
2020-04-05,Deschutes,Oregon,41017,39.0,0.0,6.0,197692.0,,,,19.73,0.0,
2020-04-05,Douglas,Oregon,41019,11.0,0.0,6.0,110980.0,,,,9.91,0.0,
2020-04-05,Grant,Oregon,41023,1.0,0.0,6.0,7199.0,,,,13.89,0.0,
2020-04-05,Hood River,Oregon,41027,2.0,0.0,6.0,23382.0,,,,8.55,0.0,
2020-04-05,Jackson,Oregon,41029,33.0,0.0,6.0,220944.0,,,,14.94,0.0,
2020-04-05,Josephine,Oregon,41033,13.0,0.0,6.0,87487.0,,,,14.86,0.0,
2020-04-05,Klamath,Oregon,41035,15.0,0.0,6.0,68238.0,,,,21.98,0.0,
2020-04-05,Lane,Oregon,41039,27.0,1.0,6.0,382067.0,,,,7.07,0.26,
2020-04-05,Lincoln,Oregon,41041,4.0,0.0,6.0,49962.0,,,,8.01,0.0,
2020-04-05,Linn,Oregon,41043,43.0,2.0,6.0,129749.0,,,,33.14,1.54,
2020-04-05,Malheur,Oregon,41045,2.0,0.0,6.0,30571.0,,,,6.54,0.0,
2020-04-05,Marion,Oregon,41047,198.0,5.0,6.0,347818.0,,,,56.93,1.44,
2020-04-05,Morrow,Oregon,41049,2.0,0.0,6.0,11603.0,,,,17.24,0.0,
2020-04-05,Multnomah,Oregon,41051,233.0,7.0,6.0,812855.0,2156.0,170.0,2326.0,28.66,0.86,286.15
2020-04-05,Polk,Oregon,41053,24.0,1.0,6.0,86085.0,,,,27.88,1.16,
2020-04-05,Sherman,Oregon,41055,1.0,0.0,6.0,1780.0,,,,56.18,0.0,
2020-04-05,Tillamook,Oregon,41057,3.0,0.0,6.0,27036.0,,,,11.1,0.0,
2020-04-05,Umatilla,Oregon,41059,7.0,0.0,6.0,77950.0,,,,8.98,0.0,
2020-04-05,Union,Oregon,41061,3.0,0.0,6.0,26835.0,,,,11.18,0.0,
2020-04-05,Wallowa,Oregon,41063,1.0,0.0,6.0,7208.0,,,,13.87,0.0,
2020-04-05,Wasco,Oregon,41065,7.0,0.0,6.0,26682.0,,,,26.23,0.0,
2020-04-05,Washington,Oregon,41067,259.0,4.0,6.0,601592.0,1296.0,99.0,1395.0,43.05,0.66,231.88
2020-04-05,Yamhill,Oregon,41071,26.0,3.0,6.0,107100.0,193.0,10.0,203.0,24.28,2.8,189.54
2020-04-12,Benton,Oregon,41003,23.0,2.0,6.0,93053.0,,,,24.72,2.15,
2020-04-12,Clackamas,Oregon,41005,125.0,3.0,6.0,418187.0,906.0,64.0,970.0,29.89,0.72,231.95
2020-04-12,Clatsop,Oregon,41007,6.0,0.0,6.0,40224.0,,,,14.92,0.0,
2020-04-12,Columbia,Oregon,41009,10.0,0.0,6.0,52354.0,,,,19.1,0.0,
2020-04-12,Coos,Oregon,41011,1.0,0.0,6.0,64487.0,,,,1.55,0.0,
2020-04-12,Crook,Oregon,41013,1.0,0.0,6.0,24404.0,,,,4.1,0.0,
2020-04-12,Curry,Oregon,41015,3.0,0.0,6.0,22925.0,,,,13.09,0.0,
2020-04-12,Deschutes,Oregon,41017,54.0,0.0,6.0,197692.0,,,,27.32,0.0,
2020-04-12,Douglas,Oregon,41019,14.0,0.0,6.0,110980.0,,,,12.61,0.0,
2020-04-12,Grant,Oregon,41023,1.0,0.0,6.0,7199.0,,,,13.89,0.0,
2020-04-12,Hood River,Oregon,41027,4.0,0.0,6.0,23382.0,,,,17.11,0.0,
2020-04-12,Jackson,Oregon,41029,46.0,0.0,6.0,220944.0,,,,20.82,0.0,
2020-04-12,Josephine,Oregon,41033,18.0,1.0,6.0,87487.0,,,,20.57,1.14,
2020-04-12,Klamath,Oregon,41035,25.0,0.0,6.0,68238.0,,,,36.64,0.0,
2020-04-12,Lane,Oregon,41039,37.0,1.0,6.0,382067.0,,,,9.68,0.26,
2020-04-12,Lincoln,Oregon,41041,4.0,0.0,6.0,49962.0,,,,8.01,0.0,
2020-04-12,Linn,Oregon,41043,52.0,4.0,6.0,129749.0,,,,40.08,3.08,
2020-04-12,Malheur,Oregon,41045,4.0,0.0,6.0,30571.0,,,,13.08,0.0,
2020-04-12,Marion,Oregon,41047,276.0,9.0,6.0,347818.0,,,,79.35,2.59,
2020-04-12,Morrow,Oregon,41049,5.0,0.0,6.0,11603.0,,,,43.09,0.0,
2020-04-12,Multnomah,Oregon,41051,374.0,19.0,6.0,812855.0,2127.0,187.0,2314.0,46.01,2.34,284.68
2020-04-12,Polk,Oregon,41053,30.0,1.0,6.0,86085.0,,,,34.85,1.16,
2020-04-12,Sherman,Oregon,41055,1.0,0.0,6.0,1780.0,,,,56.18,0.0,
2020-04-12,Tillamook,Oregon,41057,4.0,0.0,6.0,27036.0,,,,14.8,0.0,
2020-04-12,Umatilla,Oregon,41059,16.0,0.0,6.0,77950.0,,,,20.53,0.0,
2020-04-12,Union,Oregon,41061,4.0,0.0,6.0,26835.0,,,,14.91,0.0,
2020-04-12,Wallowa,Oregon,41063,1.0,0.0,6.0,7208.0,,,,13.87,0.0,
2020-04-12,Wasco,Oregon,41065,10.0,0.0,6.0,26682.0,,,,37.48,0.0,
2020-04-12,Washington,Oregon,41067,348.0,6.0,6.0,601592.0,1372.0,100.0,1472.0,57.85,1.0,244.68
2020-04-12,Yamhill,Oregon,41071,30.0,6.0,6.0,107100.0,198.0,5.0,203.0,28.01,5.6,189.54
2020-04-19,Benton,Oregon,41003,27.0,5.0,6.0,93053.0,,,,29.02,5.37,
2020-04-19,Clackamas,Oregon,41005,161.0,5.0,6.0,418187.0,1184.0,69.0,1253.0,38.5,1.2,299.63
2020-04-19,Clatsop,Oregon,41007,6.0,0.0,6.0,40224.0,,,,14.92,0.0,
2020-04-19,Columbia,Oregon,41009,14.0,0.0,6.0,52354.0,,,,26.74,0.0,
2020-04-19,Coos,Oregon,41011,1.0,0.0,6.0,64487.0,,,,1.55,0.0,
2020-04-19,Crook,Oregon,41013,1.0,0.0,6.0,24404.0,,,,4.1,0.0,
2020-04-19,Curry,Oregon,41015,4.0,0.0,6.0,22925.0,,,,17.45,0.0,
2020-04-19,Deschutes,Oregon,41017,64.0,0.0,6.0,197692.0,,,,32.37,0.0,
2020-04-19,Douglas,Oregon,41019,22.0,0.0,6.0,110980.0,,,,19.82,0.0,
2020-04-19,Grant,Oregon,41023,1.0,0.0,6.0,7199.0,,,,13.89,0.0,
2020-04-19,Hood River,Oregon,41027,4.0,0.0,6.0,23382.0,,,,17.11,0.0,
2020-04-19,Jackson,Oregon,41029,49.0,0.0,6.0,220944.0,,,,22.18,0.0,
2020-04-19,Jefferson,Oregon,41031,1.0,0.0,6.0,24658.0,,,,4.06,0.0,
2020-04-19,Josephine,Oregon,41033,19.0,1.0,6.0,87487.0,,,,21.72,1.14,
2020-04-19,Klamath,Oregon,41035,30.0,0.0,6.0,68238.0,,,,43.96,0.0,
2020-04-19,Lane,Oregon,41039,48.0,1.0,6.0,382067.0,,,,12.56,0.26,
2020-04-19,Lincoln,Oregon,41041,4.0,0.0,6.0,49962.0,,,,8.01,0.0,
2020-04-19,Linn,Oregon,41043,59.0,6.0,6.0,129749.0,,,,45.47,4.62,
2020-04-19,Malheur,Oregon,41045,5.0,0.0,6.0,30571.0,,,,16.36,0.0,
2020-04-19,Marion,Oregon,41047,358.0,13.0,6.0,347818.0,,,,102.93,3.74,
2020-04-19,Morrow,Oregon,41049,5.0,0.0,6.0,11603.0,,,,43.09,0.0,
2020-04-19,Multnomah,Oregon,41051,514.0,28.0,6.0,812855.0,2821.0,239.0,3060.0,63.23,3.44,376.45
2020-04-19,Polk,Oregon,41053,32.0,1.0,6.0,86085.0,,,,37.17,1.16,
2020-04-19,Sherman,Oregon,41055,1.0,0.0,6.0,1780.0,,,,56.18,0.0,
2020-04-19,Tillamook,Oregon,41057,6.0,0.0,6.0,27036.0,,,,22.19,0.0,
2020-04-19,Umatilla,Oregon,41059,26.0,0.0,6.0,77950.0,,,,33.35,0.0,
2020-04-19,Union,Oregon,41061,4.0,0.0,6.0,26835.0,,,,14.91,0.0,
2020-04-19,Wallowa,Oregon,41063,1.0,0.0,6.0,7208.0,,,,13.87,0.0,
2020-04-19,Wasco,Oregon,41065,10.0,0.0,6.0,26682.0,,,,37.48,0.0,
2020-04-19,Washington,Oregon,41067,399.0,8.0,6.0,601592.0,1694.0,101.0,1795.0,66.32,1.33,298.37
2020-04-19,Yamhill,Oregon,41071,34.0,6.0,6.0,107100.0,244.0,6.0,250.0,31.75,5.6,233.43
2020-04-26,Benton,Oregon,41003,29.0,5.0,6.0,93053.0,,,,31.17,5.37,
2020-04-26,Clackamas,Oregon,41005,204.0,6.0,6.0,418187.0,1472.0,58.0,1530.0,48.78,1.43,365.87
2020-04-26,Clatsop,Oregon,41007,6.0,0.0,6.0,40224.0,,,,14.92,0.0,
2020-04-26,Columbia,Oregon,41009,14.0,0.0,6.0,52354.0,,,,26.74,0.0,
2020-04-26,Coos,Oregon,41011,12.0,0.0,6.0,64487.0,,,,18.61,0.0,
2020-04-26,Crook,Oregon,41013,1.0,0.0,6.0,24404.0,,,,4.1,0.0,
2020-04-26,Curry,Oregon,41015,4.0,0.0,6.0,22925.0,,,,17.45,0.0,
2020-04-26,Deschutes,Oregon,41017,73.0,0.0,6.0,197692.0,,,,36.93,0.0,
2020-04-26,Douglas,Oregon,41019,23.0,0.0,6.0,110980.0,,,,20.72,0.0,
2020-04-26,Grant,Oregon,41023,1.0,0.0,6.0,7199.0,,,,13.89,0.0,
2020-04-26,Hood River,Oregon,41027,5.0,0.0,6.0,23382.0,,,,21.38,0.0,
2020-04-26,Jackson,Oregon,41029,49.0,0.0,6.0,220944.0,,,,22.18,0.0,
2020-04-26,Jefferson,Oregon,41031,6.0,0.0,6.0,24658.0,,,,24.33,0.0,
2020-04-26,Josephine,Oregon,41033,20.0,1.0,6.0,87487.0,,,,22.86,1.14,
2020-04-26,Klamath,Oregon,41035,36.0,0.0,6.0,68238.0,,,,52.76,0.0,
2020-04-26,Lane,Oregon,41039,50.0,2.0,6.0,382067.0,,,,13.09,0.52,
2020-04-26,Lincoln,Oregon,41041,5.0,0.0,6.0,49962.0,,,,10.01,0.0,
2020-04-26,Linn,Oregon,41043,74.0,7.0,6.0,129749.0,,,,57.03,5.4,
2020-04-26,Malheur,Oregon,41045,6.0,0.0,6.0,30571.0,,,,19.63,0.0,
2020-04-26,Marion,Oregon,41047,436.0,15.0,6.0,347818.0,,,,125.35,4.31,
2020-04-26,Morrow,Oregon,41049,5.0,0.0,6.0,11603.0,,,,43.09,0.0,
2020-04-26,Multnomah,Oregon,41051,652.0,37.0,6.0,812855.0,3334.0,196.0,3530.0,80.21,4.55,434.27
2020-04-26,Polk,Oregon,41053,38.0,1.0,6.0,86085.0,,,,44.14,1.16,
2020-04-26,Sherman,Oregon,41055,1.0,0.0,6.0,1780.0,,,,56.18,0.0,
2020-04-26,Tillamook,Oregon,41057,6.0,0.0,6.0,27036.0,,,,22.19,0.0,
2020-04-26,Umatilla,Oregon,41059,36.0,0.0,6.0,77950.0,,,,46.18,0.0,
2020-04-26,Union,Oregon,41061,4.0,0.0,6.0,26835.0,,,,14.91,0.0,
2020-04-26,Wallowa,Oregon,41063,1.0,0.0,6.0,7208.0,,,,13.87,0.0,
2020-04-26,Wasco,Oregon,41065,12.0,1.0,6.0,26682.0,,,,44.97,3.75,
2020-04-26,Washington,Oregon,41067,466.0,10.0,6.0,601592.0,2087.0,92.0,2179.0,77.46,1.66,362.21
2020-04-26,Yamhill,Oregon,41071,36.0,6.0,6.0,107100.0,335.0,5.0,340.0,33.61,5.6,317.46
2020-05-03,Benton,Oregon,41003,32.0,5.0,6.0,93053.0,,,,34.39,5.37,
2020-05-03,Clackamas,Oregon,41005,225.0,7.0,6.0,418187.0,1551.0,58.0,1609.0,53.8,1.67,384.76
2020-05-03,Clatsop,Oregon,41007,7.0,0.0,6.0,40224.0,,,,17.4,0.0,
2020-05-03,Columbia,Oregon,41009,14.0,0.0,6.0,52354.0,,,,26.74,0.0,
2020-05-03,Coos,Oregon,41011,25.0,0.0,6.0,64487.0,,,,38.77,0.0,
2020-05-03,Crook,Oregon,41013,1.0,0.0,6.0,24404.0,,,,4.1,0.0,
2020-05-03,Curry,Oregon,41015,4.0,0.0,6.0,22925.0,,,,17.45,0.0,
2020-05-03,Deschutes,Oregon,41017,78.0,0.0,6.0,197692.0,,,,39.46,0.0,
2020-05-03,Douglas,Oregon,41019,24.0,0.0,6.0,110980.0,,,,21.63,0.0,
2020-05-03,Grant,Oregon,41023,1.0,0.0,6.0,7199.0,,,,13.89,0.0,
2020-05-03,Harney,Oregon,41025,1.0,0.0,6.0,7393.0,,,,13.53,0.0,
2020-05-03,Hood River,Oregon,41027,9.0,0.0,6.0,23382.0,,,,38.49,0.0,
2020-05-03,Jackson,Oregon,41029,49.0,0.0,6.0,220944.0,,,,22.18,0.0,
2020-05-03,Jefferson,Oregon,41031,13.0,0.0,6.0,24658.0,,,,52.72,0.0,
2020-05-03,Josephine,Oregon,41033,22.0,1.0,6.0,87487.0,,,,25.15,1.14,
2020-05-03,Klamath,Oregon,41035,39.0,0.0,6.0,68238.0,,,,57.15,0.0,
2020-05-03,Lane,Oregon,41039,54.0,2.0,6.0,382067.0,,,,14.13,0.52,
2020-05-03,Lincoln,Oregon,41041,5.0,0.0,6.0,49962.0,,,,10.01,0.0,
2020-05-03,Linn,Oregon,41043,87.0,7.0,6.0,129749.0,,,,67.05,5.4,
2020-05-03,Malheur,Oregon,41045,13.0,0.0,6.0,30571.0,,,,42.52,0.0,
2020-05-03,Marion,Oregon,41047,544.0,19.0,6.0,347818.0,,,,156.4,5.46,
2020-05-03,Morrow,Oregon,41049,9.0,0.0,6.0,11603.0,,,,77.57,0.0,
2020-05-03,Multnomah,Oregon,41051,739.0,46.0,6.0,812855.0,3828.0,236.0,4064.0,90.91,5.66,499.97
2020-05-03,Polk,Oregon,41053,41.0,2.0,6.0,86085.0,,,,47.63,2.32,
2020-05-03,Sherman,Oregon,41055,1.0,0.0,6.0,1780.0,,,,56.18,0.0,
2020-05-03,Tillamook,Oregon,41057,6.0,0.0,6.0,27036.0,,,,22.19,0.0,
2020-05-03,Umatilla,Oregon,41059,64.0,1.0,6.0,77950.0,,,,82.1,1.28,
2020-05-03,Union,Oregon,41061,4.0,0.0,6.0,26835.0,,,,14.91,0.0,
2020-05-03,Wallowa,Oregon,41063,1.0,0.0,6.0,7208.0,,,,13.87,0.0,
2020-05-03,Wasco,Oregon,41065,13.0,1.0,6.0,26682.0,,,,48.72,3.75,
2020-05-03,Washington,Oregon,41067,516.0,11.0,6.0,601592.0,2302.0,106.0,2408.0,85.77,1.83,400.27
2020-05-03,Yamhill,Oregon,41071,39.0,7.0,6.0,107100.0,410.0,12.0,422.0,36.41,6.54,394.02
2020-05-10,Baker,Oregon,41001,1.0,0.0,6.0,16124.0,,,,6.2,0.0,
2020-05-10,Benton,Oregon,41003,47.0,5.0,6.0,93053.0,,,,50.51,5.37,
2020-05-10,Clackamas,Oregon,41005,266.0,9.0,6.0,418187.0,1700.0,34.0,1734.0,63.61,2.15,414.65
2020-05-10,Clatsop,Oregon,41007,29.0,0.0,6.0,40224.0,,,,72.1,0.0,
2020-05-10,Columbia,Oregon,41009,15.0,0.0,6.0,52354.0,,,,28.65,0.0,
2020-05-10,Coos,Oregon,41011,30.0,0.0,6.0,64487.0,,,,46.52,0.0,
2020-05-10,Crook,Oregon,41013,1.0,0.0,6.0,24404.0,,,,4.1,0.0,
2020-05-10,Curry,Oregon,41015,4.0,0.0,6.0,22925.0,,,,17.45,0.0,
2020-05-10,Deschutes,Oregon,41017,86.0,0.0,6.0,197692.0,,,,43.5,0.0,
2020-05-10,Douglas,Oregon,41019,24.0,0.0,6.0,110980.0,,,,21.63,0.0,
2020-05-10,Grant,Oregon,41023,1.0,0.0,6.0,7199.0,,,,13.89,0.0,
2020-05-10,Harney,Oregon,41025,1.0,0.0,6.0,7393.0,,,,13.53,0.0,
2020-05-10,Hood River,Oregon,41027,13.0,0.0,6.0,23382.0,,,,55.6,0.0,
2020-05-10,Jackson,Oregon,41029,49.0,0.0,6.0,220944.0,,,,22.18,0.0,
2020-05-10,Jefferson,Oregon,41031,24.0,0.0,6.0,24658.0,,,,97.33,0.0,
2020-05-10,Josephine,Oregon,41033,24.0,1.0,6.0,87487.0,,,,27.43,1.14,
2020-05-10,Klamath,Oregon,41035,39.0,0.0,6.0,68238.0,,,,57.15,0.0,
2020-05-10,Lane,Oregon,41039,60.0,2.0,6.0,382067.0,,,,15.7,0.52,
2020-05-10,Lincoln,Oregon,41041,6.0,0.0,6.0,49962.0,,,,12.01,0.0,
2020-05-10,Linn,Oregon,41043,102.0,8.0,6.0,129749.0,,,,78.61,6.17,
2020-05-10,Malheur,Oregon,41045,14.0,0.0,6.0,30571.0,,,,45.8,0.0,
2020-05-10,Marion,Oregon,41047,677.0,23.0,6.0,347818.0,,,,194.64,6.61,
2020-05-10,Morrow,Oregon,41049,12.0,0.0,6.0,11603.0,,,,103.42,0.0,
2020-05-10,Multnomah,Oregon,41051,885.0,53.0,6.0,812855.0,3997.0,197.0,4194.0,108.88,6.52,515.96
2020-05-10,Polk,Oregon,41053,84.0,5.0,6.0,86085.0,,,,97.58,5.81,
2020-05-10,Sherman,Oregon,41055,1.0,0.0,6.0,1780.0,,,,56.18,0.0,
2020-05-10,Tillamook,Oregon,41057,6.0,0.0,6.0,27036.0,,,,22.19,0.0,
2020-05-10,Umatilla,Oregon,41059,85.0,1.0,6.0,77950.0,,,,109.04,1.28,
2020-05-10,Union,Oregon,41061,4.0,0.0,6.0,26835.0,,,,14.91,0.0,
2020-05-10,Wallowa,Oregon,41063,1.0,0.0,6.0,7208.0,,,,13.87,0.0,
2020-05-10,Wasco,Oregon,41065,15.0,1.0,6.0,26682.0,,,,56.22,3.75,
2020-05-10,Washington,Oregon,41067,573.0,12.0,6.0,601592.0,2471.0,94.0,2565.0,95.25,1.99,426.37
2020-05-10,Yamhill,Oregon,41071,49.0,7.0,6.0,107100.0,374.0,11.0,385.0,45.75,6.54,359.48
2020-05-17,Baker,Oregon,41001,1.0,0.0,6.0,16124.0,,,,6.2,0.0,
2020-05-17,Benton,Oregon,41003,51.0,5.0,6.0,93053.0,,,,54.81,5.37,
2020-05-17,Clackamas,Oregon,41005,281.0,9.0,6.0,418187.0,1492.0,31.0,1523.0,67.19,2.15,364.19
2020-05-17,Clatsop,Oregon,41007,37.0,0.0,6.0,40224.0,,,,91.98,0.0,
2020-05-17,Columbia,Oregon,41009,16.0,0.0,6.0,52354.0,,,,30.56,0.0,
2020-05-17,Coos,Oregon,41011,30.0,0.0,6.0,64487.0,,,,46.52,0.0,
2020-05-17,Crook,Oregon,41013,1.0,0.0,6.0,24404.0,,,,4.1,0.0,
2020-05-17,Curry,Oregon,41015,4.0,0.0,6.0,22925.0,,,,17.45,0.0,
2020-05-17,Deschutes,Oregon,41017,96.0,0.0,6.0,197692.0,,,,48.56,0.0,
2020-05-17,Douglas,Oregon,41019,25.0,0.0,6.0,110980.0,,,,22.53,0.0,
2020-05-17,Grant,Oregon,41023,1.0,0.0,6.0,7199.0,,,,13.89,0.0,
2020-05-17,Harney,Oregon,41025,1.0,0.0,6.0,7393.0,,,,13.53,0.0,
2020-05-17,Hood River,Oregon,41027,14.0,0.0,6.0,23382.0,,,,59.88,0.0,
2020-05-17,Jackson,Oregon,41029,50.0,0.0,6.0,220944.0,,,,22.63,0.0,
2020-05-17,Jefferson,Oregon,41031,24.0,0.0,6.0,24658.0,,,,97.33,0.0,
2020-05-17,Josephine,Oregon,41033,25.0,1.0,6.0,87487.0,,,,28.58,1.14,
2020-05-17,Klamath,Oregon,41035,41.0,0.0,6.0,68238.0,,,,60.08,0.0,
2020-05-17,Lane,Oregon,41039,64.0,2.0,6.0,382067.0,,,,16.75,0.52,
2020-05-17,Lincoln,Oregon,41041,8.0,0.0,6.0,49962.0,,,,16.01,0.0,
2020-05-17,Linn,Oregon,41043,109.0,8.0,6.0,129749.0,,,,84.01,6.17,
2020-05-17,Malheur,Oregon,41045,19.0,0.0,6.0,30571.0,,,,62.15,0.0,
2020-05-17,Marion,Oregon,41047,827.0,23.0,6.0,347818.0,,,,237.77,6.61,
2020-05-17,Morrow,Oregon,41049,12.0,0.0,6.0,11603.0,,,,103.42,0.0,
2020-05-17,Multnomah,Oregon,41051,984.0,55.0,6.0,812855.0,3483.0,119.0,3602.0,121.05,6.77,443.13
2020-05-17,Polk,Oregon,41053,93.0,9.0,6.0,86085.0,,,,108.03,10.45,
2020-05-17,Sherman,Oregon,41055,1.0,0.0,6.0,1780.0,,,,56.18,0.0,
2020-05-17,Tillamook,Oregon,41057,6.0,0.0,6.0,27036.0,,,,22.19,0.0,
2020-05-17,Umatilla,Oregon,41059,93.0,2.0,6.0,77950.0,,,,119.31,2.57,
2020-05-17,Union,Oregon,41061,5.0,0.0,6.0,26835.0,,,,18.63,0.0,
2020-05-17,Wallowa,Oregon,41063,1.0,0.0,6.0,7208.0,,,,13.87,0.0,
2020-05-17,Wasco,Oregon,41065,18.0,1.0,6.0,26682.0,,,,67.46,3.75,
2020-05-17,Washington,Oregon,41067,628.0,15.0,6.0,601592.0,2220.0,61.0,2281.0,104.39,2.49,379.16
2020-05-17,Yamhill,Oregon,41071,57.0,7.0,6.0,107100.0,359.0,5.0,364.0,53.22,6.54,339.87
2020-05-24,Baker,Oregon,41001,1.0,0.0,6.0,16124.0,,,,6.2,0.0,
2020-05-24,Benton,Oregon,41003,55.0,5.0,6.0,93053.0,,,,59.11,5.37,
2020-05-24,Clackamas,Oregon,41005,290.0,10.0,6.0,418187.0,4.0,0.0,4.0,69.35,2.39,0.96
2020-05-24,Clatsop,Oregon,41007,45.0,0.0,6.0,40224.0,,,,111.87,0.0,
2020-05-24,Columbia,Oregon,41009,16.0,0.0,6.0,52354.0,,,,30.56,0.0,
2020-05-24,Coos,Oregon,41011,31.0,0.0,6.0,64487.0,,,,48.07,0.0,
2020-05-24,Crook,Oregon,41013,5.0,0.0,6.0,24404.0,,,,20.49,0.0,
2020-05-24,Curry,Oregon,41015,6.0,0.0,6.0,22925.0,,,,26.17,0.0,
2020-05-24,Deschutes,Oregon,41017,119.0,0.0,6.0,197692.0,,,,60.19,0.0,
2020-05-24,Douglas,Oregon,41019,25.0,0.0,6.0,110980.0,,,,22.53,0.0,
2020-05-24,Grant,Oregon,41023,1.0,0.0,6.0,7199.0,,,,13.89,0.0,
2020-05-24,Harney,Oregon,41025,1.0,0.0,6.0,7393.0,,,,13.53,0.0,
2020-05-24,Hood River,Oregon,41027,12.0,0.0,6.0,23382.0,,,,51.32,0.0,
2020-05-24,Jackson,Oregon,41029,57.0,0.0,6.0,220944.0,,,,25.8,0.0,
2020-05-24,Jefferson,Oregon,41031,25.0,0.0,6.0,24658.0,,,,101.39,0.0,
2020-05-24,Josephine,Oregon,41033,25.0,1.0,6.0,87487.0,,,,28.58,1.14,
2020-05-24,Klamath,Oregon,41035,41.0,0.0,6.0,68238.0,,,,60.08,0.0,
2020-05-24,Lane,Oregon,41039,67.0,2.0,6.0,382067.0,,,,17.54,0.52,
2020-05-24,Lincoln,Oregon,41041,9.0,0.0,6.0,49962.0,,,,18.01,0.0,
2020-05-24,Linn,Oregon,41043,116.0,9.0,6.0,129749.0,,,,89.4,6.94,
2020-05-24,Malheur,Oregon,41045,28.0,0.0,6.0,30571.0,,,,91.59,0.0,
2020-05-24,Marion,Oregon,41047,905.0,25.0,6.0,347818.0,,,,260.19,7.19,
2020-05-24,Morrow,Oregon,41049,12.0,0.0,6.0,11603.0,,,,103.42,0.0,
2020-05-24,Multnomah,Oregon,41051,1040.0,58.0,6.0,812855.0,4.0,0.0,4.0,127.94,7.14,0.49
2020-05-24,Polk,Oregon,41053,96.0,10.0,6.0,86085.0,,,,111.52,11.62,
2020-05-24,Sherman,Oregon,41055,1.0,0.0,6.0,1780.0,,,,56.18,0.0,
2020-05-24,Tillamook,Oregon,41057,6.0,0.0,6.0,27036.0,,,,22.19,0.0,
2020-05-24,Umatilla,Oregon,41059,111.0,3.0,6.0,77950.0,,,,142.4,3.85,
2020-05-24,Union,Oregon,41061,6.0,0.0,6.0,26835.0,,,,22.36,0.0,
2020-05-24,Wallowa,Oregon,41063,2.0,0.0,6.0,7208.0,,,,27.75,0.0,
2020-05-24,Wasco,Oregon,41065,18.0,1.0,6.0,26682.0,,,,67.46,3.75,
2020-05-24,Washington,Oregon,41067,690.0,17.0,6.0,601592.0,1.0,0.0,1.0,114.7,2.83,0.17
2020-05-24,Yamhill,Oregon,41071,65.0,7.0,6.0,107100.0,1.0,0.0,1.0,60.69,6.54,0.93
2020-02-02,Clackamas,,,,,,,0.0,0.0,0.0,,,
2020-02-02,Multnomah,,,,,,,1.0,0.0,1.0,,,
2020-02-02,Washington,,,,,,,0.0,0.0,0.0,,,
2020-02-02,Yamhill,,,,,,,0.0,0.0,0.0,,,
2020-02-09,Clackamas,,,,,,,0.0,0.0,0.0,,,
2020-02-09,Multnomah,,,,,,,1.0,0.0,1.0,,,
2020-02-09,Washington,,,,,,,1.0,0.0,1.0,,,
2020-02-09,Yamhill,,,,,,,0.0,0.0,0.0,,,
2020-02-16,Clackamas,,,,,,,2.0,0.0,2.0,,,
2020-02-16,Multnomah,,,,,,,0.0,0.0,0.0,,,
2020-02-16,Washington,,,,,,,0.0,1.0,1.0,,,
2020-02-16,Yamhill,,,,,,,0.0,0.0,0.0,,,
2020-02-23,Clackamas,,,,,,,5.0,0.0,5.0,,,
2020-02-23,Multnomah,,,,,,,6.0,0.0,6.0,,,
2020-02-23,Washington,,,,,,,2.0,1.0,3.0,,,
2020-02-23,Yamhill,,,,,,,0.0,0.0,0.0,,,
2020-03-01,Clackamas,,,,,,,44.0,0.0,44.0,,,
2020-03-01,Multnomah,,,,,,,36.0,1.0,37.0,,,
2020-03-01,Yamhill,,,,,,,10.0,0.0,10.0,,,
2020-03-08,Clackamas,,,,,,,111.0,8.0,119.0,,,
2020-03-08,Multnomah,,,,,,,288.0,5.0,293.0,,,
2020-03-08,Yamhill,,,,,,,51.0,2.0,53.0,,,
