date,county,county_fips,samples,m50,m50_index
2020-03-01,Baker,41001,165,0.932,53
2020-03-02,Baker,41001,179,1.412,81
2020-03-03,Baker,41001,173,1.2109999999999999,69
2020-03-04,Baker,41001,208,1.7369999999999999,100
2020-03-05,Baker,41001,196,2.001,115
2020-03-06,Baker,41001,223,1.8219999999999998,104
2020-03-07,Baker,41001,226,1.666,95
2020-03-08,Baker,41001,204,1.28,73
2020-03-09,Baker,41001,187,1.475,84
2020-03-10,Baker,41001,203,1.6280000000000001,93
2020-03-11,Baker,41001,191,1.551,89
2020-03-12,Baker,41001,183,1.8,103
2020-03-13,Baker,41001,180,1.95,112
2020-03-14,Baker,41001,172,1.885,108
2020-03-15,Baker,41001,170,0.381,21
2020-03-16,Baker,41001,165,1.508,86
2020-03-17,Baker,41001,197,1.2670000000000001,72
2020-03-18,Baker,41001,187,1.22,70
2020-03-19,Baker,41001,183,1.645,94
2020-03-20,Baker,41001,189,1.506,86
2020-03-21,Baker,41001,164,0.738,42
2020-03-22,Baker,41001,173,0.083,4
2020-03-23,Baker,41001,186,1.2919999999999998,74
2020-03-24,Baker,41001,204,1.619,93
2020-03-25,Baker,41001,186,0.7829999999999999,45
2020-03-26,Baker,41001,201,1.0659999999999998,61
2020-03-27,Baker,41001,205,1.015,58
2020-03-28,Baker,41001,190,0.42200000000000004,24
2020-03-29,Baker,41001,196,0.048,2
2020-03-30,Baker,41001,195,0.899,51
2020-03-31,Baker,41001,218,0.9890000000000001,56
2020-04-01,Baker,41001,202,1.18,67
2020-04-02,Baker,41001,198,1.39,80
2020-04-03,Baker,41001,187,1.3130000000000002,75
2020-04-04,Baker,41001,173,0.38,21
2020-04-05,Baker,41001,211,0.48100000000000004,27
2020-04-06,Baker,41001,189,0.49700000000000005,28
2020-04-07,Baker,41001,188,1.58,90
2020-04-08,Baker,41001,186,1.389,79
2020-04-09,Baker,41001,189,1.17,67
2020-04-10,Baker,41001,183,1.607,92
2020-04-11,Baker,41001,196,0.6709999999999999,38
2020-04-12,Baker,41001,191,0.067,3
2020-04-13,Baker,41001,187,0.7140000000000001,41
2020-04-14,Baker,41001,197,1.318,75
2020-04-15,Baker,41001,195,1.022,58
2020-04-16,Baker,41001,197,1.209,69
2020-04-17,Baker,41001,193,1.092,62
2020-04-18,Baker,41001,180,1.251,72
2020-04-19,Baker,41001,183,0.9740000000000001,56
2020-04-21,Baker,41001,252,1.421,81
2020-04-22,Baker,41001,246,1.062,61
2020-04-23,Baker,41001,268,1.1079999999999999,63
2020-04-24,Baker,41001,247,0.943,54
2020-04-25,Baker,41001,236,0.41100000000000003,23
2020-04-26,Baker,41001,227,0.505,29
2020-04-27,Baker,41001,228,0.875,50
2020-04-28,Baker,41001,267,1.574,90
2020-04-29,Baker,41001,259,0.8,46
2020-04-30,Baker,41001,395,1.4140000000000001,81
2020-05-01,Baker,41001,355,1.9340000000000002,111
2020-05-02,Baker,41001,387,1.6840000000000002,96
2020-05-03,Baker,41001,395,1.1840000000000002,68
2020-05-04,Baker,41001,269,1.4609999999999999,84
2020-05-05,Baker,41001,247,1.807,104
2020-05-06,Baker,41001,276,1.494,86
2020-05-07,Baker,41001,259,1.442,83
2020-05-08,Baker,41001,261,1.5130000000000001,87
2020-05-09,Baker,41001,267,1.7309999999999999,99
2020-05-10,Baker,41001,245,1.308,75
2020-05-11,Baker,41001,253,1.4140000000000001,81
2020-05-12,Baker,41001,275,1.879,108
2020-05-13,Baker,41001,207,1.405,80
2020-05-14,Baker,41001,234,1.2919999999999998,74
2020-05-15,Baker,41001,382,2.448,140
2020-05-16,Baker,41001,381,2.113,121
2020-05-17,Baker,41001,401,1.325,76
2020-05-18,Baker,41001,375,1.291,74
2020-05-19,Baker,41001,382,1.956,112
2020-05-20,Baker,41001,377,1.521,87
2020-05-21,Baker,41001,422,1.518,87
2020-05-22,Baker,41001,451,2.083,119
2020-05-23,Baker,41001,434,2.082,119
2020-03-01,Benton,41003,1034,2.019,66
2020-03-02,Benton,41003,1066,2.7260000000000004,89
2020-03-03,Benton,41003,1100,3.031,100
2020-03-04,Benton,41003,1154,2.917,96
2020-03-05,Benton,41003,1097,3.05,100
2020-03-06,Benton,41003,1038,3.6519999999999997,120
2020-03-07,Benton,41003,1038,2.991,98
2020-03-08,Benton,41003,1013,1.306,43
2020-03-09,Benton,41003,1091,2.77,91
2020-03-10,Benton,41003,1096,2.838,93
2020-03-11,Benton,41003,1107,3.2230000000000003,106
2020-03-12,Benton,41003,1073,3.031,100
2020-03-13,Benton,41003,1037,2.783,91
2020-03-14,Benton,41003,926,1.416,46
2020-03-15,Benton,41003,912,0.679,22
2020-03-16,Benton,41003,938,2.037,67
2020-03-17,Benton,41003,1030,1.114,36
2020-03-18,Benton,41003,960,1.136,37
2020-03-19,Benton,41003,903,1.169,38
2020-03-20,Benton,41003,864,1.531,50
2020-03-21,Benton,41003,755,0.264,8
2020-03-22,Benton,41003,825,0.039,1
2020-03-23,Benton,41003,865,0.047,1
2020-03-24,Benton,41003,902,0.035,1
2020-03-25,Benton,41003,891,0.040999999999999995,1
2020-03-26,Benton,41003,928,0.045,1
2020-03-27,Benton,41003,924,0.035,1
2020-03-28,Benton,41003,924,0.028999999999999998,0
2020-03-29,Benton,41003,936,0.03,0
2020-03-30,Benton,41003,963,0.028999999999999998,0
2020-03-31,Benton,41003,960,0.039,1
2020-04-01,Benton,41003,972,0.036000000000000004,1
2020-04-02,Benton,41003,977,0.043,1
2020-04-03,Benton,41003,920,0.044000000000000004,1
2020-04-04,Benton,41003,920,0.03,0
2020-04-05,Benton,41003,999,0.03,0
2020-04-06,Benton,41003,907,0.042,1
2020-04-07,Benton,41003,931,0.059000000000000004,1
2020-04-08,Benton,41003,941,0.054000000000000006,1
2020-04-09,Benton,41003,902,0.055999999999999994,1
2020-04-10,Benton,41003,840,0.244,8
2020-04-11,Benton,41003,851,0.038,1
2020-04-12,Benton,41003,840,0.028999999999999998,0
2020-04-13,Benton,41003,868,0.046,1
2020-04-14,Benton,41003,891,0.04,1
2020-04-15,Benton,41003,944,0.039,1
2020-04-16,Benton,41003,936,0.05,1
2020-04-17,Benton,41003,933,0.364,12
2020-04-18,Benton,41003,915,0.027000000000000003,0
2020-04-19,Benton,41003,861,0.031,1
2020-04-21,Benton,41003,1074,0.032,1
2020-04-22,Benton,41003,1098,0.034,1
2020-04-23,Benton,41003,1100,0.043,1
2020-04-24,Benton,41003,1076,0.046,1
2020-04-25,Benton,41003,1023,0.028999999999999998,0
2020-04-26,Benton,41003,1020,0.028999999999999998,0
2020-04-27,Benton,41003,1032,0.031,1
2020-04-28,Benton,41003,1103,0.039,1
2020-04-29,Benton,41003,1037,0.039,1
2020-04-30,Benton,41003,1508,0.506,16
2020-05-01,Benton,41003,1321,0.69,22
2020-05-02,Benton,41003,1361,0.051,1
2020-05-03,Benton,41003,1433,0.145,4
2020-05-04,Benton,41003,991,0.067,2
2020-05-05,Benton,41003,994,0.062,2
2020-05-06,Benton,41003,993,0.22,7
2020-05-07,Benton,41003,1050,0.07400000000000001,2
2020-05-08,Benton,41003,973,0.782,25
2020-05-09,Benton,41003,992,0.27399999999999997,9
2020-05-10,Benton,41003,956,0.057999999999999996,1
2020-05-11,Benton,41003,914,0.044000000000000004,1
2020-05-12,Benton,41003,977,0.036000000000000004,1
2020-05-13,Benton,41003,795,0.043,1
2020-05-14,Benton,41003,809,0.040999999999999995,1
2020-05-15,Benton,41003,1469,1.9269999999999998,63
2020-05-16,Benton,41003,1434,0.698,23
2020-05-17,Benton,41003,1517,0.081,2
2020-05-18,Benton,41003,1515,0.44799999999999995,14
2020-05-19,Benton,41003,1433,0.506,16
2020-05-20,Benton,41003,1409,1.317,43
2020-05-21,Benton,41003,1527,0.92,30
2020-05-22,Benton,41003,1552,1.686,55
2020-05-23,Benton,41003,1549,1.7819999999999998,58
2020-03-01,Clackamas,41005,6703,4.525,57
2020-03-02,Clackamas,41005,7050,7.58,96
2020-03-03,Clackamas,41005,7160,7.818,99
2020-03-04,Clackamas,41005,7355,7.841,100
2020-03-05,Clackamas,41005,7059,8.307,105
2020-03-06,Clackamas,41005,7069,8.431000000000001,107
2020-03-07,Clackamas,41005,6871,6.3389999999999995,80
2020-03-08,Clackamas,41005,6952,4.746,60
2020-03-09,Clackamas,41005,7219,7.515,95
2020-03-10,Clackamas,41005,7191,8.193,104
2020-03-11,Clackamas,41005,7212,8.198,104
2020-03-12,Clackamas,41005,7075,8.003,102
2020-03-13,Clackamas,41005,6935,7.285,92
2020-03-14,Clackamas,41005,6695,2.799,35
2020-03-15,Clackamas,41005,6675,2.412,30
2020-03-16,Clackamas,41005,6755,5.249,66
2020-03-17,Clackamas,41005,6898,4.394,56
2020-03-18,Clackamas,41005,6699,3.7460000000000004,47
2020-03-19,Clackamas,41005,6445,3.7289999999999996,47
2020-03-20,Clackamas,41005,6123,4.434,56
2020-03-21,Clackamas,41005,5367,1.291,16
2020-03-22,Clackamas,41005,6134,0.584,7
2020-03-23,Clackamas,41005,6438,1.474,18
2020-03-24,Clackamas,41005,6747,0.52,6
2020-03-25,Clackamas,41005,6568,0.96,12
2020-03-26,Clackamas,41005,6766,0.74,9
2020-03-27,Clackamas,41005,6664,0.6779999999999999,8
2020-03-28,Clackamas,41005,6641,0.05,0
2020-03-29,Clackamas,41005,6798,0.040999999999999995,0
2020-03-30,Clackamas,41005,6903,0.252,3
2020-03-31,Clackamas,41005,6939,0.777,9
2020-04-01,Clackamas,41005,6924,0.8490000000000001,10
2020-04-02,Clackamas,41005,6829,1.112,14
2020-04-03,Clackamas,41005,6830,1.268,16
2020-04-04,Clackamas,41005,6709,0.426,5
2020-04-05,Clackamas,41005,7039,0.102,1
2020-04-06,Clackamas,41005,6604,0.802,10
2020-04-07,Clackamas,41005,6737,1.046,13
2020-04-08,Clackamas,41005,6727,1.35,17
2020-04-09,Clackamas,41005,6528,1.3459999999999999,17
2020-04-10,Clackamas,41005,6212,2.2640000000000002,28
2020-04-11,Clackamas,41005,6252,0.792,10
2020-04-12,Clackamas,41005,6256,0.063,0
2020-04-13,Clackamas,41005,6168,1.276,16
2020-04-14,Clackamas,41005,6388,1.237,15
2020-04-15,Clackamas,41005,6859,1.61,20
2020-04-16,Clackamas,41005,6588,1.881,23
2020-04-17,Clackamas,41005,6370,2.657,33
2020-04-18,Clackamas,41005,6355,0.182,2
2020-04-19,Clackamas,41005,6141,0.359,4
2020-04-21,Clackamas,41005,7611,0.985,12
2020-04-22,Clackamas,41005,7787,0.8009999999999999,10
2020-04-23,Clackamas,41005,7739,1.105,14
2020-04-24,Clackamas,41005,7604,1.3940000000000001,17
2020-04-25,Clackamas,41005,7108,0.154,1
2020-04-26,Clackamas,41005,7188,0.11,1
2020-04-27,Clackamas,41005,7466,0.9059999999999999,11
2020-04-28,Clackamas,41005,7569,1.3530000000000002,17
2020-04-29,Clackamas,41005,7199,1.544,19
2020-04-30,Clackamas,41005,10456,1.735,22
2020-05-01,Clackamas,41005,9426,3.181,40
2020-05-02,Clackamas,41005,10053,0.529,6
2020-05-03,Clackamas,41005,10035,0.514,6
2020-05-04,Clackamas,41005,7135,1.642,20
2020-05-05,Clackamas,41005,7221,2.142,27
2020-05-06,Clackamas,41005,7120,2.74,34
2020-05-07,Clackamas,41005,7360,1.558,19
2020-05-08,Clackamas,41005,7190,2.6710000000000003,34
2020-05-09,Clackamas,41005,7337,1.61,20
2020-05-10,Clackamas,41005,7420,1.03,13
2020-05-11,Clackamas,41005,7030,0.8859999999999999,11
2020-05-12,Clackamas,41005,7292,1.14,14
2020-05-13,Clackamas,41005,5447,1.946,24
2020-05-14,Clackamas,41005,5617,1.9080000000000001,24
2020-05-15,Clackamas,41005,10409,3.0180000000000002,38
2020-05-16,Clackamas,41005,10528,1.676,21
2020-05-17,Clackamas,41005,11064,0.8490000000000001,10
2020-05-18,Clackamas,41005,10914,1.361,17
2020-05-19,Clackamas,41005,9607,2.24,28
2020-05-20,Clackamas,41005,10308,3.048,38
2020-05-21,Clackamas,41005,10981,2.6630000000000003,33
2020-05-22,Clackamas,41005,11284,3.6710000000000003,46
2020-05-23,Clackamas,41005,10986,2.612,33
2020-03-01,Clatsop,41007,734,4.852,194
2020-03-02,Clatsop,41007,584,2.495,100
2020-03-03,Clatsop,41007,587,2.272,91
2020-03-04,Clatsop,41007,605,2.755,110
2020-03-05,Clatsop,41007,573,2.755,110
2020-03-06,Clatsop,41007,578,2.47,98
2020-03-07,Clatsop,41007,684,2.479,99
2020-03-08,Clatsop,41007,763,5.35,214
2020-03-09,Clatsop,41007,618,2.8,112
2020-03-10,Clatsop,41007,574,3.188,127
2020-03-11,Clatsop,41007,614,2.665,106
2020-03-12,Clatsop,41007,594,2.813,112
2020-03-13,Clatsop,41007,577,3.642,145
2020-03-14,Clatsop,41007,660,1.85,74
2020-03-15,Clatsop,41007,661,4.923,197
2020-03-16,Clatsop,41007,580,2.522,101
2020-03-17,Clatsop,41007,585,1.416,56
2020-03-18,Clatsop,41007,567,2.197,88
2020-03-19,Clatsop,41007,542,1.248,50
2020-03-20,Clatsop,41007,566,2.162,86
2020-03-21,Clatsop,41007,540,0.495,19
2020-03-22,Clatsop,41007,649,0.39899999999999997,15
2020-03-23,Clatsop,41007,618,0.997,39
2020-03-24,Clatsop,41007,574,0.094,3
2020-03-25,Clatsop,41007,558,0.568,22
2020-03-26,Clatsop,41007,584,0.05,2
2020-03-27,Clatsop,41007,574,0.07200000000000001,2
2020-03-28,Clatsop,41007,575,0.03,1
2020-03-29,Clatsop,41007,571,0.03,1
2020-03-30,Clatsop,41007,561,0.044000000000000004,1
2020-03-31,Clatsop,41007,580,0.07200000000000001,2
2020-04-01,Clatsop,41007,565,0.046,1
2020-04-02,Clatsop,41007,573,0.15,6
2020-04-03,Clatsop,41007,556,0.10400000000000001,4
2020-04-04,Clatsop,41007,555,0.038,1
2020-04-05,Clatsop,41007,569,0.033,1
2020-04-06,Clatsop,41007,546,0.11800000000000001,4
2020-04-07,Clatsop,41007,538,0.384,15
2020-04-08,Clatsop,41007,545,0.6779999999999999,27
2020-04-09,Clatsop,41007,529,0.079,3
2020-04-10,Clatsop,41007,481,0.213,8
2020-04-11,Clatsop,41007,518,0.064,2
2020-04-12,Clatsop,41007,511,0.035,1
2020-04-13,Clatsop,41007,483,0.08900000000000001,3
2020-04-14,Clatsop,41007,516,0.297,11
2020-04-15,Clatsop,41007,539,0.5870000000000001,23
2020-04-16,Clatsop,41007,528,0.237,9
2020-04-17,Clatsop,41007,532,0.316,12
2020-04-18,Clatsop,41007,543,0.034,1
2020-04-19,Clatsop,41007,506,0.034,1
2020-04-21,Clatsop,41007,653,0.115,4
2020-04-22,Clatsop,41007,690,0.083,3
2020-04-23,Clatsop,41007,656,0.257,10
2020-04-24,Clatsop,41007,671,0.247,9
2020-04-25,Clatsop,41007,644,0.06,2
2020-04-26,Clatsop,41007,666,0.033,1
2020-04-27,Clatsop,41007,675,0.10400000000000001,4
2020-04-28,Clatsop,41007,639,0.69,27
2020-04-29,Clatsop,41007,640,0.40299999999999997,16
2020-04-30,Clatsop,41007,1067,2.1790000000000003,87
2020-05-01,Clatsop,41007,980,2.84,113
2020-05-02,Clatsop,41007,1023,0.256,10
2020-05-03,Clatsop,41007,1024,0.9640000000000001,38
2020-05-04,Clatsop,41007,713,1.052,42
2020-05-05,Clatsop,41007,739,1.196,47
2020-05-06,Clatsop,41007,696,1.416,56
2020-05-07,Clatsop,41007,753,1.445,57
2020-05-08,Clatsop,41007,768,1.831,73
2020-05-09,Clatsop,41007,772,0.922,36
2020-05-10,Clatsop,41007,725,0.594,23
2020-05-11,Clatsop,41007,681,0.46399999999999997,18
2020-05-12,Clatsop,41007,708,1.0490000000000002,42
2020-05-13,Clatsop,41007,557,0.292,11
2020-05-14,Clatsop,41007,591,0.862,34
2020-05-15,Clatsop,41007,1038,2.675,107
2020-05-16,Clatsop,41007,1038,1.028,41
2020-05-17,Clatsop,41007,1085,0.782,31
2020-05-18,Clatsop,41007,1112,2.021,81
2020-05-19,Clatsop,41007,998,1.92,76
2020-05-20,Clatsop,41007,1047,3.063,122
2020-05-21,Clatsop,41007,1163,2.445,97
2020-05-22,Clatsop,41007,1150,3.61,144
2020-05-23,Clatsop,41007,1232,2.082,83
2020-03-01,Columbia,41009,777,3.0460000000000003,39
2020-03-02,Columbia,41009,837,7.785,100
2020-03-03,Columbia,41009,857,5.517,70
2020-03-04,Columbia,41009,864,7.6610000000000005,98
2020-03-05,Columbia,41009,844,9.374,120
2020-03-06,Columbia,41009,797,8.568999999999999,110
2020-03-07,Columbia,41009,798,5.8839999999999995,75
2020-03-08,Columbia,41009,821,2.365,30
2020-03-09,Columbia,41009,841,8.383,107
2020-03-10,Columbia,41009,831,8.371,107
2020-03-11,Columbia,41009,846,7.388,94
2020-03-12,Columbia,41009,810,8.318999999999999,106
2020-03-13,Columbia,41009,813,5.222,67
2020-03-14,Columbia,41009,780,1.699,21
2020-03-15,Columbia,41009,747,1.314,16
2020-03-16,Columbia,41009,804,3.886,49
2020-03-17,Columbia,41009,789,3.275,42
2020-03-18,Columbia,41009,792,3.1260000000000003,40
2020-03-19,Columbia,41009,751,2.641,33
2020-03-20,Columbia,41009,747,2.944,37
2020-03-21,Columbia,41009,675,0.902,11
2020-03-22,Columbia,41009,756,0.228,2
2020-03-23,Columbia,41009,777,1.5290000000000001,19
2020-03-24,Columbia,41009,790,0.747,9
2020-03-25,Columbia,41009,767,0.978,12
2020-03-26,Columbia,41009,804,0.879,11
2020-03-27,Columbia,41009,810,0.9329999999999999,11
2020-03-28,Columbia,41009,795,0.05,0
2020-03-29,Columbia,41009,830,0.039,0
2020-03-30,Columbia,41009,844,0.55,7
2020-03-31,Columbia,41009,841,0.6679999999999999,8
2020-04-01,Columbia,41009,820,0.754,9
2020-04-02,Columbia,41009,810,1.0,12
2020-04-03,Columbia,41009,803,1.521,19
2020-04-04,Columbia,41009,797,0.249,3
2020-04-05,Columbia,41009,818,0.042,0
2020-04-06,Columbia,41009,804,1.315,16
2020-04-07,Columbia,41009,813,0.7140000000000001,9
2020-04-08,Columbia,41009,798,1.705,21
2020-04-09,Columbia,41009,796,1.04,13
2020-04-10,Columbia,41009,766,1.8359999999999999,23
2020-04-11,Columbia,41009,768,0.701,9
2020-04-12,Columbia,41009,770,0.066,0
2020-04-13,Columbia,41009,765,1.308,16
2020-04-14,Columbia,41009,784,1.264,16
2020-04-15,Columbia,41009,812,1.276,16
2020-04-16,Columbia,41009,794,1.5119999999999998,19
2020-04-17,Columbia,41009,779,2.088,26
2020-04-18,Columbia,41009,806,0.35,4
2020-04-19,Columbia,41009,776,0.132,1
2020-04-21,Columbia,41009,961,1.263,16
2020-04-22,Columbia,41009,954,1.22,15
2020-04-23,Columbia,41009,941,1.2309999999999999,15
2020-04-24,Columbia,41009,893,1.4080000000000001,18
2020-04-25,Columbia,41009,879,0.569,7
2020-04-26,Columbia,41009,830,0.053,0
2020-04-27,Columbia,41009,915,0.894,11
2020-04-28,Columbia,41009,912,1.588,20
2020-04-29,Columbia,41009,838,1.3719999999999999,17
2020-04-30,Columbia,41009,1369,1.541,19
2020-05-01,Columbia,41009,1317,3.653,46
2020-05-02,Columbia,41009,1375,0.614,7
2020-05-03,Columbia,41009,1346,0.768,9
2020-05-04,Columbia,41009,890,1.858,23
2020-05-05,Columbia,41009,974,2.316,29
2020-05-06,Columbia,41009,1011,3.108,39
2020-05-07,Columbia,41009,935,2.097,26
2020-05-08,Columbia,41009,983,2.2319999999999998,28
2020-05-09,Columbia,41009,1010,1.758,22
2020-05-10,Columbia,41009,1058,1.386,17
2020-05-11,Columbia,41009,926,0.8759999999999999,11
2020-05-12,Columbia,41009,963,2.024,25
2020-05-13,Columbia,41009,765,2.053,26
2020-05-14,Columbia,41009,782,2.208,28
2020-05-15,Columbia,41009,1400,3.702,47
2020-05-16,Columbia,41009,1389,1.7309999999999999,22
2020-05-17,Columbia,41009,1447,1.097,14
2020-05-18,Columbia,41009,1430,1.9340000000000002,24
2020-05-19,Columbia,41009,1272,2.11,27
2020-05-20,Columbia,41009,1417,3.7319999999999998,47
2020-05-21,Columbia,41009,1467,2.659,34
2020-05-22,Columbia,41009,1471,3.66,47
2020-05-23,Columbia,41009,1428,2.494,32
2020-03-01,Coos,41011,877,1.484,53
2020-03-02,Coos,41011,950,2.845,103
2020-03-03,Coos,41011,956,2.7030000000000003,98
2020-03-04,Coos,41011,954,2.637,95
2020-03-05,Coos,41011,925,2.7510000000000003,100
2020-03-06,Coos,41011,939,2.887,104
2020-03-07,Coos,41011,928,2.062,74
2020-03-08,Coos,41011,955,1.75,63
2020-03-09,Coos,41011,926,2.7680000000000002,100
2020-03-10,Coos,41011,942,2.39,86
2020-03-11,Coos,41011,950,2.818,102
2020-03-12,Coos,41011,917,2.84,103
2020-03-13,Coos,41011,902,3.141,114
2020-03-14,Coos,41011,867,1.5959999999999999,58
2020-03-15,Coos,41011,871,1.511,54
2020-03-16,Coos,41011,864,2.0340000000000003,73
2020-03-17,Coos,41011,890,2.074,75
2020-03-18,Coos,41011,875,1.787,64
2020-03-19,Coos,41011,817,1.5619999999999998,56
2020-03-20,Coos,41011,813,1.859,67
2020-03-21,Coos,41011,809,0.6459999999999999,23
2020-03-22,Coos,41011,861,0.358,13
2020-03-23,Coos,41011,867,1.3259999999999998,48
2020-03-24,Coos,41011,881,0.076,2
2020-03-25,Coos,41011,889,0.121,4
2020-03-26,Coos,41011,902,0.24,8
2020-03-27,Coos,41011,885,0.45,16
2020-03-28,Coos,41011,899,0.039,1
2020-03-29,Coos,41011,916,0.028999999999999998,1
2020-03-30,Coos,41011,897,0.222,8
2020-03-31,Coos,41011,912,0.146,5
2020-04-01,Coos,41011,888,0.7190000000000001,26
2020-04-02,Coos,41011,889,0.599,21
2020-04-03,Coos,41011,889,0.855,31
2020-04-04,Coos,41011,837,0.035,1
2020-04-05,Coos,41011,870,0.034,1
2020-04-06,Coos,41011,838,0.708,25
2020-04-07,Coos,41011,855,0.513,18
2020-04-08,Coos,41011,864,0.56,20
2020-04-09,Coos,41011,840,0.67,24
2020-04-10,Coos,41011,842,0.8640000000000001,31
2020-04-11,Coos,41011,816,0.293,10
2020-04-12,Coos,41011,829,0.036000000000000004,1
2020-04-13,Coos,41011,832,0.579,21
2020-04-14,Coos,41011,835,0.536,19
2020-04-15,Coos,41011,897,0.757,27
2020-04-16,Coos,41011,859,1.476,53
2020-04-17,Coos,41011,856,1.28,46
2020-04-18,Coos,41011,875,0.128,4
2020-04-19,Coos,41011,838,0.08199999999999999,2
2020-04-21,Coos,41011,1038,0.392,14
2020-04-22,Coos,41011,1051,0.078,2
2020-04-23,Coos,41011,1023,0.863,31
2020-04-24,Coos,41011,1071,0.46799999999999997,17
2020-04-25,Coos,41011,1013,0.051,1
2020-04-26,Coos,41011,988,0.052000000000000005,1
2020-04-27,Coos,41011,1042,0.623,22
2020-04-28,Coos,41011,1045,0.34299999999999997,12
2020-04-29,Coos,41011,984,0.424,15
2020-04-30,Coos,41011,1596,1.1440000000000001,41
2020-05-01,Coos,41011,1470,1.9080000000000001,69
2020-05-02,Coos,41011,1565,0.09699999999999999,3
2020-05-03,Coos,41011,1600,1.162,42
2020-05-04,Coos,41011,1124,1.242,45
2020-05-05,Coos,41011,1088,0.62,22
2020-05-06,Coos,41011,1064,1.4780000000000002,53
2020-05-07,Coos,41011,1127,0.795,28
2020-05-08,Coos,41011,1154,1.821,66
2020-05-09,Coos,41011,1111,0.914,33
2020-05-10,Coos,41011,1192,0.366,13
2020-05-11,Coos,41011,1115,0.69,25
2020-05-12,Coos,41011,1169,0.609,22
2020-05-13,Coos,41011,844,0.645,23
2020-05-14,Coos,41011,922,0.902,32
2020-05-15,Coos,41011,1703,1.9069999999999998,69
2020-05-16,Coos,41011,1694,1.2770000000000001,46
2020-05-17,Coos,41011,1730,0.753,27
2020-05-18,Coos,41011,1678,0.9420000000000001,34
2020-05-19,Coos,41011,1556,1.666,60
2020-05-20,Coos,41011,1656,2.0469999999999997,74
2020-05-21,Coos,41011,1736,1.986,72
2020-05-22,Coos,41011,1791,2.889,105
2020-05-23,Coos,41011,1814,2.14,77
2020-03-01,Crook,41013,332,1.516,43
2020-03-02,Crook,41013,324,3.865,110
2020-03-03,Crook,41013,317,3.177,90
2020-03-04,Crook,41013,334,3.5,99
2020-03-05,Crook,41013,316,3.0980000000000003,88
2020-03-06,Crook,41013,312,5.803999999999999,165
2020-03-07,Crook,41013,320,2.005,57
2020-03-08,Crook,41013,305,1.56,44
2020-03-09,Crook,41013,332,3.326,95
2020-03-10,Crook,41013,336,3.8960000000000004,111
2020-03-11,Crook,41013,354,3.36,95
2020-03-12,Crook,41013,334,3.95,112
2020-03-13,Crook,41013,311,5.643,161
2020-03-14,Crook,41013,298,1.4769999999999999,42
2020-03-15,Crook,41013,306,0.44799999999999995,12
2020-03-16,Crook,41013,306,2.802,80
2020-03-17,Crook,41013,317,2.532,72
2020-03-18,Crook,41013,314,2.326,66
2020-03-19,Crook,41013,311,1.736,49
2020-03-20,Crook,41013,286,2.84,81
2020-03-21,Crook,41013,267,1.4769999999999999,42
2020-03-22,Crook,41013,300,1.117,31
2020-03-23,Crook,41013,313,2.531,72
2020-03-24,Crook,41013,333,1.663,47
2020-03-25,Crook,41013,320,1.838,52
2020-03-26,Crook,41013,324,1.544,44
2020-03-27,Crook,41013,307,2.58,73
2020-03-28,Crook,41013,315,0.5720000000000001,16
2020-03-29,Crook,41013,341,0.055999999999999994,1
2020-03-30,Crook,41013,340,1.392,39
2020-03-31,Crook,41013,343,1.393,39
2020-04-01,Crook,41013,326,1.561,44
2020-04-02,Crook,41013,331,1.6059999999999999,45
2020-04-03,Crook,41013,336,1.482,42
2020-04-04,Crook,41013,320,0.418,11
2020-04-05,Crook,41013,322,0.033,0
2020-04-06,Crook,41013,303,1.683,48
2020-04-07,Crook,41013,328,1.575,44
2020-04-08,Crook,41013,299,2.57,73
2020-04-09,Crook,41013,313,1.969,56
2020-04-10,Crook,41013,305,2.884,82
2020-04-11,Crook,41013,306,0.993,28
2020-04-12,Crook,41013,304,0.054000000000000006,1
2020-04-13,Crook,41013,302,1.848,52
2020-04-14,Crook,41013,314,1.547,44
2020-04-15,Crook,41013,326,2.392,68
2020-04-16,Crook,41013,312,2.17,61
2020-04-17,Crook,41013,319,2.458,70
2020-04-18,Crook,41013,317,0.855,24
2020-04-19,Crook,41013,313,1.739,49
2020-04-21,Crook,41013,414,1.7930000000000001,51
2020-04-22,Crook,41013,406,1.453,41
2020-04-23,Crook,41013,405,1.845,52
2020-04-24,Crook,41013,382,1.608,45
2020-04-25,Crook,41013,370,0.797,22
2020-04-26,Crook,41013,378,0.35,9
2020-04-27,Crook,41013,398,2.215,63
2020-04-28,Crook,41013,390,2.436,69
2020-04-29,Crook,41013,365,2.217,63
2020-04-30,Crook,41013,652,2.4730000000000003,70
2020-05-01,Crook,41013,612,5.4,154
2020-05-02,Crook,41013,669,1.89,53
2020-05-03,Crook,41013,701,1.919,54
2020-05-04,Crook,41013,478,3.5180000000000002,100
2020-05-05,Crook,41013,472,3.016,86
2020-05-06,Crook,41013,461,3.427,97
2020-05-07,Crook,41013,451,2.313,66
2020-05-08,Crook,41013,460,3.678,105
2020-05-09,Crook,41013,454,2.9,82
2020-05-10,Crook,41013,454,2.585,73
2020-05-11,Crook,41013,443,2.0580000000000003,58
2020-05-12,Crook,41013,490,3.0180000000000002,86
2020-05-13,Crook,41013,367,3.043,86
2020-05-14,Crook,41013,392,2.544,72
2020-05-15,Crook,41013,690,4.24,121
2020-05-16,Crook,41013,689,2.88,82
2020-05-17,Crook,41013,730,1.268,36
2020-05-18,Crook,41013,721,2.3609999999999998,67
2020-05-19,Crook,41013,651,3.147,89
2020-05-20,Crook,41013,669,4.086,116
2020-05-21,Crook,41013,709,3.548,101
2020-05-22,Crook,41013,743,3.332,95
2020-05-23,Crook,41013,743,2.77,79
2020-03-01,Curry,41015,267,0.055,9
2020-03-02,Curry,41015,237,0.47200000000000003,79
2020-03-03,Curry,41015,231,0.605,102
2020-03-04,Curry,41015,258,0.5479999999999999,92
2020-03-05,Curry,41015,255,0.961,162
2020-03-06,Curry,41015,242,0.5920000000000001,100
2020-03-07,Curry,41015,245,0.6409999999999999,108
2020-03-08,Curry,41015,281,0.168,28
2020-03-09,Curry,41015,276,0.968,163
2020-03-10,Curry,41015,253,1.9409999999999998,327
2020-03-11,Curry,41015,267,0.633,106
2020-03-12,Curry,41015,257,0.971,164
2020-03-13,Curry,41015,267,1.185,200
2020-03-14,Curry,41015,270,0.055,9
2020-03-15,Curry,41015,245,0.065,10
2020-03-16,Curry,41015,229,0.787,132
2020-03-17,Curry,41015,256,0.7979999999999999,134
2020-03-18,Curry,41015,250,0.524,88
2020-03-19,Curry,41015,242,0.552,93
2020-03-20,Curry,41015,247,0.318,53
2020-03-21,Curry,41015,242,0.055,9
2020-03-22,Curry,41015,268,0.043,7
2020-03-23,Curry,41015,247,0.184,31
2020-03-24,Curry,41015,268,0.064,10
2020-03-25,Curry,41015,241,0.036000000000000004,6
2020-03-26,Curry,41015,268,0.036000000000000004,6
2020-03-27,Curry,41015,237,0.038,6
2020-03-28,Curry,41015,236,0.027999999999999997,4
2020-03-29,Curry,41015,261,0.027000000000000003,4
2020-03-30,Curry,41015,253,0.031,5
2020-03-31,Curry,41015,260,0.052000000000000005,8
2020-04-01,Curry,41015,254,0.042,7
2020-04-02,Curry,41015,256,0.054000000000000006,9
2020-04-03,Curry,41015,247,0.03,5
2020-04-04,Curry,41015,230,0.024,4
2020-04-05,Curry,41015,222,0.024,4
2020-04-06,Curry,41015,215,0.027000000000000003,4
2020-04-07,Curry,41015,226,0.04,6
2020-04-08,Curry,41015,225,0.037000000000000005,6
2020-04-09,Curry,41015,227,0.035,5
2020-04-10,Curry,41015,214,0.042,7
2020-04-11,Curry,41015,205,0.028999999999999998,4
2020-04-12,Curry,41015,220,0.026000000000000002,4
2020-04-13,Curry,41015,227,0.031,5
2020-04-14,Curry,41015,254,0.04,6
2020-04-15,Curry,41015,260,0.036000000000000004,6
2020-04-16,Curry,41015,242,0.046,7
2020-04-17,Curry,41015,236,0.048,8
2020-04-18,Curry,41015,245,0.042,7
2020-04-19,Curry,41015,221,0.031,5
2020-04-21,Curry,41015,325,0.066,11
2020-04-22,Curry,41015,318,0.033,5
2020-04-23,Curry,41015,321,0.035,5
2020-04-24,Curry,41015,312,0.055999999999999994,9
2020-04-25,Curry,41015,331,0.031,5
2020-04-26,Curry,41015,337,0.032,5
2020-04-27,Curry,41015,327,0.033,5
2020-04-28,Curry,41015,326,0.076,12
2020-04-29,Curry,41015,319,0.07200000000000001,12
2020-04-30,Curry,41015,555,1.037,175
2020-05-01,Curry,41015,521,0.9890000000000001,167
2020-05-02,Curry,41015,529,0.059000000000000004,9
2020-05-03,Curry,41015,514,0.433,73
2020-05-04,Curry,41015,348,0.9259999999999999,156
2020-05-05,Curry,41015,360,0.434,73
2020-05-06,Curry,41015,368,1.038,175
2020-05-07,Curry,41015,425,0.7390000000000001,124
2020-05-08,Curry,41015,392,0.506,85
2020-05-09,Curry,41015,384,0.589,99
2020-05-10,Curry,41015,368,0.282,47
2020-05-11,Curry,41015,362,0.318,53
2020-05-12,Curry,41015,373,0.287,48
2020-05-13,Curry,41015,291,0.107,18
2020-05-14,Curry,41015,317,0.248,41
2020-05-15,Curry,41015,553,1.329,224
2020-05-16,Curry,41015,591,0.696,117
2020-05-17,Curry,41015,625,0.07,11
2020-05-18,Curry,41015,526,1.265,213
2020-05-19,Curry,41015,541,1.2830000000000001,216
2020-05-20,Curry,41015,544,1.505,254
2020-05-21,Curry,41015,582,1.45,244
2020-05-22,Curry,41015,620,1.46,246
2020-05-23,Curry,41015,636,1.3119999999999998,221
2020-03-01,Deschutes,41017,2930,3.534,75
2020-03-02,Deschutes,41017,3046,4.604,97
2020-03-03,Deschutes,41017,3098,4.712,100
2020-03-04,Deschutes,41017,3126,4.546,96
2020-03-05,Deschutes,41017,3056,4.994,105
2020-03-06,Deschutes,41017,3044,5.2379999999999995,111
2020-03-07,Deschutes,41017,3182,4.32,91
2020-03-08,Deschutes,41017,3240,3.6719999999999997,77
2020-03-09,Deschutes,41017,3105,4.4719999999999995,94
2020-03-10,Deschutes,41017,3040,4.796,101
2020-03-11,Deschutes,41017,3040,4.688,99
2020-03-12,Deschutes,41017,2995,4.672,99
2020-03-13,Deschutes,41017,3015,4.9319999999999995,104
2020-03-14,Deschutes,41017,2908,2.333,49
2020-03-15,Deschutes,41017,2865,1.069,22
2020-03-16,Deschutes,41017,2902,3.2960000000000003,69
2020-03-17,Deschutes,41017,2984,3.1180000000000003,66
2020-03-18,Deschutes,41017,2898,3.1489999999999996,66
2020-03-19,Deschutes,41017,2767,2.74,58
2020-03-20,Deschutes,41017,2707,3.3819999999999997,71
2020-03-21,Deschutes,41017,2458,1.486,31
2020-03-22,Deschutes,41017,2789,1.262,26
2020-03-23,Deschutes,41017,2942,2.16,45
2020-03-24,Deschutes,41017,3005,0.953,20
2020-03-25,Deschutes,41017,2906,1.182,25
2020-03-26,Deschutes,41017,2946,1.1740000000000002,24
2020-03-27,Deschutes,41017,2957,1.3319999999999999,28
2020-03-28,Deschutes,41017,2923,0.087,1
2020-03-29,Deschutes,41017,3038,0.05,1
2020-03-30,Deschutes,41017,2994,0.619,13
2020-03-31,Deschutes,41017,3020,0.9129999999999999,19
2020-04-01,Deschutes,41017,3041,0.779,16
2020-04-02,Deschutes,41017,2983,1.189,25
2020-04-03,Deschutes,41017,2975,1.685,35
2020-04-04,Deschutes,41017,2894,0.086,1
2020-04-05,Deschutes,41017,2970,0.039,0
2020-04-06,Deschutes,41017,2908,1.163,24
2020-04-07,Deschutes,41017,2948,1.676,35
2020-04-08,Deschutes,41017,2970,1.746,37
2020-04-09,Deschutes,41017,2851,1.8,38
2020-04-10,Deschutes,41017,2717,2.508,53
2020-04-11,Deschutes,41017,2743,0.9179999999999999,19
2020-04-12,Deschutes,41017,2693,0.064,1
2020-04-13,Deschutes,41017,2699,1.692,35
2020-04-14,Deschutes,41017,2798,1.91,40
2020-04-15,Deschutes,41017,3007,1.9180000000000001,40
2020-04-16,Deschutes,41017,2883,2.157,45
2020-04-17,Deschutes,41017,2787,2.792,59
2020-04-18,Deschutes,41017,2783,0.741,15
2020-04-19,Deschutes,41017,2724,0.624,13
2020-04-21,Deschutes,41017,3316,1.88,39
2020-04-22,Deschutes,41017,3466,1.508,32
2020-04-23,Deschutes,41017,3494,2.032,43
2020-04-24,Deschutes,41017,3344,2.125,45
2020-04-25,Deschutes,41017,3196,0.542,11
2020-04-26,Deschutes,41017,3233,0.519,11
2020-04-27,Deschutes,41017,3319,1.729,36
2020-04-28,Deschutes,41017,3298,1.932,41
2020-04-29,Deschutes,41017,3191,2.165,45
2020-04-30,Deschutes,41017,5061,2.6260000000000003,55
2020-05-01,Deschutes,41017,4758,3.4339999999999997,72
2020-05-02,Deschutes,41017,5100,1.854,39
2020-05-03,Deschutes,41017,5049,2.272,48
2020-05-04,Deschutes,41017,3491,2.447,51
2020-05-05,Deschutes,41017,3461,2.792,59
2020-05-06,Deschutes,41017,3435,2.915,61
2020-05-07,Deschutes,41017,3593,2.287,48
2020-05-08,Deschutes,41017,3582,3.383,71
2020-05-09,Deschutes,41017,3567,2.9160000000000004,61
2020-05-10,Deschutes,41017,3544,2.2569999999999997,47
2020-05-11,Deschutes,41017,3422,1.9769999999999999,41
2020-05-12,Deschutes,41017,3545,2.165,45
2020-05-13,Deschutes,41017,2714,2.51,53
2020-05-14,Deschutes,41017,2840,2.653,56
2020-05-15,Deschutes,41017,5219,3.801,80
2020-05-16,Deschutes,41017,5463,2.835,60
2020-05-17,Deschutes,41017,5634,1.4040000000000001,29
2020-05-18,Deschutes,41017,5308,2.552,54
2020-05-19,Deschutes,41017,4890,2.844,60
2020-05-20,Deschutes,41017,5215,3.911,83
2020-05-21,Deschutes,41017,5699,3.608,76
2020-05-22,Deschutes,41017,5887,4.129,87
2020-05-23,Deschutes,41017,6047,3.5269999999999997,74
2020-03-01,Douglas,41019,1550,1.926,41
2020-03-02,Douglas,41019,1628,4.268,93
2020-03-03,Douglas,41019,1631,4.837,105
2020-03-04,Douglas,41019,1724,4.5889999999999995,100
2020-03-05,Douglas,41019,1636,4.414,96
2020-03-06,Douglas,41019,1617,4.875,106
2020-03-07,Douglas,41019,1612,3.2760000000000002,71
2020-03-08,Douglas,41019,1646,1.557,33
2020-03-09,Douglas,41019,1685,4.4510000000000005,96
2020-03-10,Douglas,41019,1677,4.637,101
2020-03-11,Douglas,41019,1699,5.186,113
2020-03-12,Douglas,41019,1655,4.671,101
2020-03-13,Douglas,41019,1630,4.956,107
2020-03-14,Douglas,41019,1560,1.67,36
2020-03-15,Douglas,41019,1545,0.74,16
2020-03-16,Douglas,41019,1522,3.602,78
2020-03-17,Douglas,41019,1583,3.42,74
2020-03-18,Douglas,41019,1558,2.918,63
2020-03-19,Douglas,41019,1550,2.862,62
2020-03-20,Douglas,41019,1550,3.264,71
2020-03-21,Douglas,41019,1410,0.8740000000000001,19
2020-03-22,Douglas,41019,1460,0.226,4
2020-03-23,Douglas,41019,1523,1.645,35
2020-03-24,Douglas,41019,1619,0.841,18
2020-03-25,Douglas,41019,1585,0.775,16
2020-03-26,Douglas,41019,1566,0.873,19
2020-03-27,Douglas,41019,1571,0.725,15
2020-03-28,Douglas,41019,1601,0.06,1
2020-03-29,Douglas,41019,1647,0.040999999999999995,0
2020-03-30,Douglas,41019,1632,0.244,5
2020-03-31,Douglas,41019,1676,0.915,19
2020-04-01,Douglas,41019,1647,1.2309999999999999,26
2020-04-02,Douglas,41019,1583,1.3530000000000002,29
2020-04-03,Douglas,41019,1564,1.6,34
2020-04-04,Douglas,41019,1533,0.062,1
2020-04-05,Douglas,41019,1575,0.040999999999999995,0
2020-04-06,Douglas,41019,1532,0.53,11
2020-04-07,Douglas,41019,1586,1.195,26
2020-04-08,Douglas,41019,1569,1.073,23
2020-04-09,Douglas,41019,1552,1.3319999999999999,29
2020-04-10,Douglas,41019,1470,2.197,47
2020-04-11,Douglas,41019,1462,0.519,11
2020-04-12,Douglas,41019,1462,0.084,1
2020-04-13,Douglas,41019,1481,1.2990000000000002,28
2020-04-14,Douglas,41019,1479,1.925,41
2020-04-15,Douglas,41019,1588,1.56,33
2020-04-16,Douglas,41019,1581,2.275,49
2020-04-17,Douglas,41019,1554,2.318,50
2020-04-18,Douglas,41019,1510,0.44,9
2020-04-19,Douglas,41019,1460,0.36700000000000005,7
2020-04-21,Douglas,41019,1941,1.64,35
2020-04-22,Douglas,41019,1972,1.328,28
2020-04-23,Douglas,41019,1995,1.675,36
2020-04-24,Douglas,41019,1903,1.23,26
2020-04-25,Douglas,41019,1811,0.34299999999999997,7
2020-04-26,Douglas,41019,1802,0.076,1
2020-04-27,Douglas,41019,1926,1.031,22
2020-04-28,Douglas,41019,1919,1.34,29
2020-04-29,Douglas,41019,1834,1.5819999999999999,34
2020-04-30,Douglas,41019,2962,2.948,64
2020-05-01,Douglas,41019,2680,4.062,88
2020-05-02,Douglas,41019,2878,1.5019999999999998,32
2020-05-03,Douglas,41019,2770,1.798,39
2020-05-04,Douglas,41019,2008,2.434,53
2020-05-05,Douglas,41019,2020,2.494,54
2020-05-06,Douglas,41019,2036,2.964,64
2020-05-07,Douglas,41019,2012,2.8360000000000003,61
2020-05-08,Douglas,41019,2014,2.7939999999999996,60
2020-05-09,Douglas,41019,2064,2.356,51
2020-05-10,Douglas,41019,1986,1.4669999999999999,31
2020-05-11,Douglas,41019,2033,1.271,27
2020-05-12,Douglas,41019,2077,1.8869999999999998,41
2020-05-13,Douglas,41019,1593,2.017,43
2020-05-14,Douglas,41019,1641,2.36,51
2020-05-15,Douglas,41019,2953,3.798,82
2020-05-16,Douglas,41019,2980,2.801,61
2020-05-17,Douglas,41019,3090,1.121,24
2020-05-18,Douglas,41019,3032,2.862,62
2020-05-19,Douglas,41019,2814,2.8360000000000003,61
2020-05-20,Douglas,41019,2943,4.2,91
2020-05-21,Douglas,41019,3149,4.291,93
2020-05-22,Douglas,41019,3225,6.047999999999999,131
2020-05-23,Douglas,41019,3080,4.0,87
2020-03-01,Hood River,41027,272,4.166,66
2020-03-02,Hood River,41027,266,5.05,81
2020-03-03,Hood River,41027,262,6.232,100
2020-03-04,Hood River,41027,276,6.117999999999999,98
2020-03-05,Hood River,41027,268,7.074,113
2020-03-06,Hood River,41027,275,7.808,125
2020-03-07,Hood River,41027,274,5.364,86
2020-03-08,Hood River,41027,280,4.65,74
2020-03-09,Hood River,41027,281,5.749,92
2020-03-10,Hood River,41027,277,6.159,98
2020-03-11,Hood River,41027,262,6.845,109
2020-03-12,Hood River,41027,266,5.646,90
2020-03-13,Hood River,41027,256,5.146,82
2020-03-14,Hood River,41027,286,1.6980000000000002,27
2020-03-15,Hood River,41027,278,2.4330000000000003,39
2020-03-16,Hood River,41027,272,3.554,57
2020-03-17,Hood River,41027,281,2.74,43
2020-03-18,Hood River,41027,276,2.5580000000000003,41
2020-03-19,Hood River,41027,267,3.909,62
2020-03-20,Hood River,41027,255,4.073,65
2020-03-21,Hood River,41027,217,1.791,28
2020-03-22,Hood River,41027,252,1.6019999999999999,25
2020-03-23,Hood River,41027,270,1.986,31
2020-03-24,Hood River,41027,286,1.001,16
2020-03-25,Hood River,41027,278,1.4340000000000002,23
2020-03-26,Hood River,41027,299,1.587,25
2020-03-27,Hood River,41027,274,1.493,23
2020-03-28,Hood River,41027,266,0.397,6
2020-03-29,Hood River,41027,304,0.047,0
2020-03-30,Hood River,41027,266,0.42,6
2020-03-31,Hood River,41027,272,0.99,15
2020-04-01,Hood River,41027,288,0.93,14
2020-04-02,Hood River,41027,292,1.258,20
2020-04-03,Hood River,41027,275,2.351,37
2020-04-04,Hood River,41027,282,0.8690000000000001,13
2020-04-05,Hood River,41027,291,0.113,1
2020-04-06,Hood River,41027,251,2.287,36
2020-04-07,Hood River,41027,265,2.065,33
2020-04-08,Hood River,41027,265,1.745,28
2020-04-09,Hood River,41027,249,2.742,43
2020-04-10,Hood River,41027,242,2.804,44
2020-04-11,Hood River,41027,250,1.464,23
2020-04-12,Hood River,41027,237,0.183,2
2020-04-13,Hood River,41027,240,2.27,36
2020-04-14,Hood River,41027,257,2.162,34
2020-04-15,Hood River,41027,278,1.4580000000000002,23
2020-04-16,Hood River,41027,274,2.1180000000000003,33
2020-04-17,Hood River,41027,252,3.5380000000000003,56
2020-04-18,Hood River,41027,252,0.258,4
2020-04-19,Hood River,41027,234,1.426,22
2020-04-21,Hood River,41027,348,2.208,35
2020-04-22,Hood River,41027,335,1.294,20
2020-04-23,Hood River,41027,323,2.286,36
2020-04-24,Hood River,41027,325,2.283,36
2020-04-25,Hood River,41027,307,0.08900000000000001,1
2020-04-26,Hood River,41027,297,0.745,11
2020-04-27,Hood River,41027,329,1.608,25
2020-04-28,Hood River,41027,350,1.891,30
2020-04-29,Hood River,41027,331,2.125,34
2020-04-30,Hood River,41027,558,2.622,42
2020-05-01,Hood River,41027,507,4.4319999999999995,71
2020-05-02,Hood River,41027,556,1.6380000000000001,26
2020-05-03,Hood River,41027,500,2.425,38
2020-05-04,Hood River,41027,346,2.334,37
2020-05-05,Hood River,41027,339,3.589,57
2020-05-06,Hood River,41027,340,3.537,56
2020-05-07,Hood River,41027,320,2.8680000000000003,46
2020-05-08,Hood River,41027,342,4.19,67
2020-05-09,Hood River,41027,360,2.94,47
2020-05-10,Hood River,41027,370,1.4680000000000002,23
2020-05-11,Hood River,41027,337,1.8940000000000001,30
2020-05-12,Hood River,41027,322,2.458,39
2020-05-13,Hood River,41027,278,3.7439999999999998,60
2020-05-14,Hood River,41027,267,3.87,62
2020-05-15,Hood River,41027,573,4.114,66
2020-05-16,Hood River,41027,557,2.725,43
2020-05-17,Hood River,41027,572,1.9280000000000002,30
2020-05-18,Hood River,41027,540,2.26,36
2020-05-19,Hood River,41027,508,2.634,42
2020-05-20,Hood River,41027,503,5.188,83
2020-05-21,Hood River,41027,566,3.568,57
2020-05-22,Hood River,41027,575,3.5260000000000002,56
2020-05-23,Hood River,41027,628,3.0660000000000003,49
2020-03-01,Jackson,41029,3108,2.8989999999999996,56
2020-03-02,Jackson,41029,3195,4.856,94
2020-03-03,Jackson,41029,3283,5.086,98
2020-03-04,Jackson,41029,3430,5.1579999999999995,100
2020-03-05,Jackson,41029,3264,5.652,109
2020-03-06,Jackson,41029,3224,5.417000000000001,105
2020-03-07,Jackson,41029,3235,4.315,83
2020-03-08,Jackson,41029,3122,2.835,54
2020-03-09,Jackson,41029,3285,4.852,94
2020-03-10,Jackson,41029,3176,5.14,99
2020-03-11,Jackson,41029,3241,5.292999999999999,102
2020-03-12,Jackson,41029,3183,5.155,99
2020-03-13,Jackson,41029,3142,5.582999999999999,108
2020-03-14,Jackson,41029,3058,3.1180000000000003,60
2020-03-15,Jackson,41029,3017,2.145,41
2020-03-16,Jackson,41029,2902,4.713,91
2020-03-17,Jackson,41029,3090,3.888,75
2020-03-18,Jackson,41029,3062,3.8819999999999997,75
2020-03-19,Jackson,41029,2937,3.8689999999999998,75
2020-03-20,Jackson,41029,2889,4.093999999999999,79
2020-03-21,Jackson,41029,2622,1.4269999999999998,27
2020-03-22,Jackson,41029,2881,0.88,17
2020-03-23,Jackson,41029,2996,2.475,47
2020-03-24,Jackson,41029,3129,1.58,30
2020-03-25,Jackson,41029,3004,1.9580000000000002,37
2020-03-26,Jackson,41029,3148,1.8719999999999999,36
2020-03-27,Jackson,41029,2938,2.0580000000000003,39
2020-03-28,Jackson,41029,3064,0.08199999999999999,1
2020-03-29,Jackson,41029,3199,0.047,0
2020-03-30,Jackson,41029,3145,1.044,20
2020-03-31,Jackson,41029,3270,1.208,23
2020-04-01,Jackson,41029,3148,1.734,33
2020-04-02,Jackson,41029,3186,1.916,37
2020-04-03,Jackson,41029,3092,1.9909999999999999,38
2020-04-04,Jackson,41029,3060,0.081,1
2020-04-05,Jackson,41029,3043,0.048,0
2020-04-06,Jackson,41029,2966,1.3019999999999998,25
2020-04-07,Jackson,41029,3106,1.672,32
2020-04-08,Jackson,41029,3104,1.69,32
2020-04-09,Jackson,41029,3042,2.133,41
2020-04-10,Jackson,41029,2877,2.605,50
2020-04-11,Jackson,41029,2916,0.846,16
2020-04-12,Jackson,41029,2875,0.096,1
2020-04-13,Jackson,41029,2901,1.714,33
2020-04-14,Jackson,41029,2980,1.827,35
2020-04-15,Jackson,41029,3215,2.539,49
2020-04-16,Jackson,41029,3070,2.641,51
2020-04-17,Jackson,41029,3009,3.128,60
2020-04-18,Jackson,41029,2959,1.4240000000000002,27
2020-04-19,Jackson,41029,2872,0.584,11
2020-04-21,Jackson,41029,3679,2.194,42
2020-04-22,Jackson,41029,3681,1.46,28
2020-04-23,Jackson,41029,3694,2.324,45
2020-04-24,Jackson,41029,3627,1.743,33
2020-04-25,Jackson,41029,3472,0.5589999999999999,10
2020-04-26,Jackson,41029,3414,0.1,1
2020-04-27,Jackson,41029,3615,1.751,33
2020-04-28,Jackson,41029,3652,2.26,43
2020-04-29,Jackson,41029,3469,2.16,41
2020-04-30,Jackson,41029,5585,2.863,55
2020-05-01,Jackson,41029,5114,3.6839999999999997,71
2020-05-02,Jackson,41029,5487,1.474,28
2020-05-03,Jackson,41029,5398,1.525,29
2020-05-04,Jackson,41029,3760,3.089,59
2020-05-05,Jackson,41029,3846,2.846,55
2020-05-06,Jackson,41029,3803,3.43,66
2020-05-07,Jackson,41029,3817,2.758,53
2020-05-08,Jackson,41029,3804,3.014,58
2020-05-09,Jackson,41029,3792,1.946,37
2020-05-10,Jackson,41029,3748,1.72,33
2020-05-11,Jackson,41029,3599,2.0869999999999997,40
2020-05-12,Jackson,41029,3756,2.377,46
2020-05-13,Jackson,41029,2886,2.299,44
2020-05-14,Jackson,41029,2965,2.595,50
2020-05-15,Jackson,41029,5586,3.784,73
2020-05-16,Jackson,41029,5631,2.687,52
2020-05-17,Jackson,41029,5921,0.998,19
2020-05-18,Jackson,41029,5722,2.852,55
2020-05-19,Jackson,41029,5281,3.2239999999999998,62
2020-05-20,Jackson,41029,5543,4.047,78
2020-05-21,Jackson,41029,5909,3.805,73
2020-05-22,Jackson,41029,5985,4.758,92
2020-05-23,Jackson,41029,5746,3.236,62
2020-03-01,Jefferson,41031,237,2.552,43
2020-03-02,Jefferson,41031,232,4.749,81
2020-03-03,Jefferson,41031,232,5.803999999999999,100
2020-03-04,Jefferson,41031,244,2.588,44
2020-03-05,Jefferson,41031,236,9.386000000000001,161
2020-03-06,Jefferson,41031,220,14.24,245
2020-03-07,Jefferson,41031,227,3.466,59
2020-03-08,Jefferson,41031,241,1.226,21
2020-03-09,Jefferson,41031,241,4.019,69
2020-03-10,Jefferson,41031,242,4.085,70
2020-03-11,Jefferson,41031,258,4.332,74
2020-03-12,Jefferson,41031,258,6.3660000000000005,109
2020-03-13,Jefferson,41031,246,6.601,113
2020-03-14,Jefferson,41031,230,0.8959999999999999,15
2020-03-15,Jefferson,41031,233,0.07200000000000001,1
2020-03-16,Jefferson,41031,216,2.782,47
2020-03-17,Jefferson,41031,238,3.248,55
2020-03-18,Jefferson,41031,241,2.1590000000000003,37
2020-03-19,Jefferson,41031,247,2.33,40
2020-03-20,Jefferson,41031,236,5.65,97
2020-03-21,Jefferson,41031,217,2.186,37
2020-03-22,Jefferson,41031,228,0.72,12
2020-03-23,Jefferson,41031,236,1.402,24
2020-03-24,Jefferson,41031,262,1.048,18
2020-03-25,Jefferson,41031,255,0.6920000000000001,11
2020-03-26,Jefferson,41031,269,0.993,17
2020-03-27,Jefferson,41031,257,0.672,11
2020-03-28,Jefferson,41031,271,0.07,1
2020-03-29,Jefferson,41031,281,0.057,0
2020-03-30,Jefferson,41031,266,0.222,3
2020-03-31,Jefferson,41031,256,0.888,15
2020-04-01,Jefferson,41031,267,0.564,9
2020-04-02,Jefferson,41031,275,1.182,20
2020-04-03,Jefferson,41031,279,0.9420000000000001,16
2020-04-04,Jefferson,41031,255,0.054000000000000006,0
2020-04-05,Jefferson,41031,254,0.044000000000000004,0
2020-04-06,Jefferson,41031,252,0.33799999999999997,5
2020-04-07,Jefferson,41031,253,1.3259999999999998,22
2020-04-08,Jefferson,41031,268,1.67,28
2020-04-09,Jefferson,41031,263,2.154,37
2020-04-10,Jefferson,41031,243,2.536,43
2020-04-11,Jefferson,41031,263,0.32299999999999995,5
2020-04-12,Jefferson,41031,264,0.06,1
2020-04-13,Jefferson,41031,243,2.045,35
2020-04-14,Jefferson,41031,259,0.848,14
2020-04-15,Jefferson,41031,290,1.024,17
2020-04-16,Jefferson,41031,275,2.105,36
2020-04-17,Jefferson,41031,264,2.8560000000000003,49
2020-04-18,Jefferson,41031,259,0.175,3
2020-04-19,Jefferson,41031,237,0.18100000000000002,3
2020-04-21,Jefferson,41031,361,1.306,22
2020-04-22,Jefferson,41031,368,0.9359999999999999,16
2020-04-23,Jefferson,41031,355,1.749,30
2020-04-24,Jefferson,41031,340,2.072,35
2020-04-25,Jefferson,41031,325,0.182,3
2020-04-26,Jefferson,41031,334,0.081,1
2020-04-27,Jefferson,41031,323,1.528,26
2020-04-28,Jefferson,41031,348,1.077,18
2020-04-29,Jefferson,41031,311,0.909,15
2020-04-30,Jefferson,41031,533,2.185,37
2020-05-01,Jefferson,41031,492,4.841,83
2020-05-02,Jefferson,41031,528,1.4769999999999999,25
2020-05-03,Jefferson,41031,488,1.686,29
2020-05-04,Jefferson,41031,335,1.8230000000000002,31
2020-05-05,Jefferson,41031,368,2.128,36
2020-05-06,Jefferson,41031,367,3.201,55
2020-05-07,Jefferson,41031,368,2.903,50
2020-05-08,Jefferson,41031,371,2.399,41
2020-05-09,Jefferson,41031,392,1.238,21
2020-05-10,Jefferson,41031,368,0.374,6
2020-05-11,Jefferson,41031,361,2.408,41
2020-05-12,Jefferson,41031,370,1.88,32
2020-05-13,Jefferson,41031,298,2.673,46
2020-05-14,Jefferson,41031,306,1.715,29
2020-05-15,Jefferson,41031,496,2.824,48
2020-05-16,Jefferson,41031,541,3.222,55
2020-05-17,Jefferson,41031,575,1.6340000000000001,28
2020-05-18,Jefferson,41031,532,2.716,46
2020-05-19,Jefferson,41031,483,1.3330000000000002,22
2020-05-20,Jefferson,41031,487,2.32,39
2020-05-21,Jefferson,41031,559,3.763,64
2020-05-22,Jefferson,41031,612,4.731,81
2020-05-23,Jefferson,41031,652,2.806,48
2020-03-01,Josephine,41033,1246,2.48,66
2020-03-02,Josephine,41033,1287,3.6319999999999997,97
2020-03-03,Josephine,41033,1291,3.687,98
2020-03-04,Josephine,41033,1297,3.725,100
2020-03-05,Josephine,41033,1245,3.9939999999999998,107
2020-03-06,Josephine,41033,1236,4.05,108
2020-03-07,Josephine,41033,1262,3.188,85
2020-03-08,Josephine,41033,1228,1.933,51
2020-03-09,Josephine,41033,1319,3.5789999999999997,96
2020-03-10,Josephine,41033,1245,3.9810000000000003,106
2020-03-11,Josephine,41033,1279,3.844,103
2020-03-12,Josephine,41033,1262,3.74,100
2020-03-13,Josephine,41033,1237,3.701,99
2020-03-14,Josephine,41033,1220,2.077,55
2020-03-15,Josephine,41033,1184,1.272,34
2020-03-16,Josephine,41033,1121,3.5410000000000004,95
2020-03-17,Josephine,41033,1231,2.5980000000000003,69
2020-03-18,Josephine,41033,1242,3.0180000000000002,81
2020-03-19,Josephine,41033,1198,2.81,75
2020-03-20,Josephine,41033,1189,2.891,77
2020-03-21,Josephine,41033,1075,1.136,30
2020-03-22,Josephine,41033,1132,0.73,19
2020-03-23,Josephine,41033,1203,1.839,49
2020-03-24,Josephine,41033,1263,1.172,31
2020-03-25,Josephine,41033,1227,1.5819999999999999,42
2020-03-26,Josephine,41033,1262,1.114,29
2020-03-27,Josephine,41033,1179,1.807,48
2020-03-28,Josephine,41033,1245,0.068,1
2020-03-29,Josephine,41033,1268,0.042,1
2020-03-30,Josephine,41033,1268,0.599,16
2020-03-31,Josephine,41033,1303,0.8009999999999999,21
2020-04-01,Josephine,41033,1270,1.3559999999999999,36
2020-04-02,Josephine,41033,1267,1.251,33
2020-04-03,Josephine,41033,1225,1.91,51
2020-04-04,Josephine,41033,1191,0.057,1
2020-04-05,Josephine,41033,1265,0.05,1
2020-04-06,Josephine,41033,1202,1.2009999999999998,32
2020-04-07,Josephine,41033,1207,1.827,49
2020-04-08,Josephine,41033,1240,1.4,37
2020-04-09,Josephine,41033,1196,1.156,31
2020-04-10,Josephine,41033,1115,1.7919999999999998,48
2020-04-11,Josephine,41033,1141,0.772,20
2020-04-12,Josephine,41033,1159,0.067,1
2020-04-13,Josephine,41033,1159,1.595,42
2020-04-14,Josephine,41033,1148,1.8940000000000001,50
2020-04-15,Josephine,41033,1214,1.8330000000000002,49
2020-04-16,Josephine,41033,1211,2.283,61
2020-04-17,Josephine,41033,1200,2.31,62
2020-04-18,Josephine,41033,1175,1.081,29
2020-04-19,Josephine,41033,1121,0.395,10
2020-04-21,Josephine,41033,1484,1.6480000000000001,44
2020-04-22,Josephine,41033,1545,1.5230000000000001,40
2020-04-23,Josephine,41033,1560,1.485,39
2020-04-24,Josephine,41033,1469,1.732,46
2020-04-25,Josephine,41033,1438,0.831,22
2020-04-26,Josephine,41033,1410,0.08800000000000001,2
2020-04-27,Josephine,41033,1517,1.82,48
2020-04-28,Josephine,41033,1503,1.9169999999999998,51
2020-04-29,Josephine,41033,1420,1.838,49
2020-04-30,Josephine,41033,2291,2.195,58
2020-05-01,Josephine,41033,2074,3.04,81
2020-05-02,Josephine,41033,2222,0.611,16
2020-05-03,Josephine,41033,2164,1.061,28
2020-05-04,Josephine,41033,1540,2.056,55
2020-05-05,Josephine,41033,1520,1.608,43
2020-05-06,Josephine,41033,1490,2.47,66
2020-05-07,Josephine,41033,1565,1.982,53
2020-05-08,Josephine,41033,1536,2.477,66
2020-05-09,Josephine,41033,1516,1.567,42
2020-05-10,Josephine,41033,1465,0.794,21
2020-05-11,Josephine,41033,1469,0.892,23
2020-05-12,Josephine,41033,1545,1.4069999999999998,37
2020-05-13,Josephine,41033,1233,1.6019999999999999,43
2020-05-14,Josephine,41033,1227,1.722,46
2020-05-15,Josephine,41033,2166,3.0060000000000002,80
2020-05-16,Josephine,41033,2216,1.568,42
2020-05-17,Josephine,41033,2337,0.879,23
2020-05-18,Josephine,41033,2253,2.343,62
2020-05-19,Josephine,41033,2073,2.286,61
2020-05-20,Josephine,41033,2205,2.9989999999999997,80
2020-05-21,Josephine,41033,2415,3.2439999999999998,87
2020-05-22,Josephine,41033,2474,3.197,85
2020-05-23,Josephine,41033,2364,2.338,62
2020-03-01,Klamath,41035,944,1.09,32
2020-03-02,Klamath,41035,969,3.449,103
2020-03-03,Klamath,41035,963,3.284,98
2020-03-04,Klamath,41035,1012,3.261,97
2020-03-05,Klamath,41035,933,3.497,104
2020-03-06,Klamath,41035,902,3.335,100
2020-03-07,Klamath,41035,928,2.256,67
2020-03-08,Klamath,41035,950,1.1520000000000001,34
2020-03-09,Klamath,41035,961,2.944,88
2020-03-10,Klamath,41035,934,3.72,111
2020-03-11,Klamath,41035,990,3.575,107
2020-03-12,Klamath,41035,907,3.516,105
2020-03-13,Klamath,41035,936,3.4939999999999998,104
2020-03-14,Klamath,41035,880,1.494,44
2020-03-15,Klamath,41035,835,0.297,8
2020-03-16,Klamath,41035,824,3.182,95
2020-03-17,Klamath,41035,920,2.588,77
2020-03-18,Klamath,41035,919,1.9180000000000001,57
2020-03-19,Klamath,41035,848,2.053,61
2020-03-20,Klamath,41035,821,2.18,65
2020-03-21,Klamath,41035,789,0.579,17
2020-03-22,Klamath,41035,859,0.26,7
2020-03-23,Klamath,41035,837,1.361,40
2020-03-24,Klamath,41035,903,0.8320000000000001,24
2020-03-25,Klamath,41035,892,0.9229999999999999,27
2020-03-26,Klamath,41035,875,1.006,30
2020-03-27,Klamath,41035,856,1.064,31
2020-03-28,Klamath,41035,907,0.055999999999999994,1
2020-03-29,Klamath,41035,933,0.042,1
2020-03-30,Klamath,41035,929,0.235,7
2020-03-31,Klamath,41035,937,0.77,23
2020-04-01,Klamath,41035,929,1.054,31
2020-04-02,Klamath,41035,948,0.536,16
2020-04-03,Klamath,41035,887,0.8759999999999999,26
2020-04-04,Klamath,41035,897,0.039,1
2020-04-05,Klamath,41035,932,0.038,1
2020-04-06,Klamath,41035,899,0.256,7
2020-04-07,Klamath,41035,906,0.6729999999999999,20
2020-04-08,Klamath,41035,931,1.5,44
2020-04-09,Klamath,41035,933,0.835,25
2020-04-10,Klamath,41035,860,1.7819999999999998,53
2020-04-11,Klamath,41035,888,0.08,2
2020-04-12,Klamath,41035,857,0.045,1
2020-04-13,Klamath,41035,853,0.9470000000000001,28
2020-04-14,Klamath,41035,899,1.248,37
2020-04-15,Klamath,41035,948,1.4080000000000001,42
2020-04-16,Klamath,41035,906,1.369,41
2020-04-17,Klamath,41035,865,1.7690000000000001,53
2020-04-18,Klamath,41035,883,0.087,2
2020-04-19,Klamath,41035,853,0.057,1
2020-04-21,Klamath,41035,1174,1.271,38
2020-04-22,Klamath,41035,1197,0.919,27
2020-04-23,Klamath,41035,1173,0.665,19
2020-04-24,Klamath,41035,1168,1.26,37
2020-04-25,Klamath,41035,1121,0.12,3
2020-04-26,Klamath,41035,1104,0.057999999999999996,1
2020-04-27,Klamath,41035,1147,0.773,23
2020-04-28,Klamath,41035,1138,1.633,48
2020-04-29,Klamath,41035,1108,1.199,35
2020-04-30,Klamath,41035,1684,2.214,66
2020-05-01,Klamath,41035,1575,2.5669999999999997,76
2020-05-02,Klamath,41035,1681,1.0390000000000001,31
2020-05-03,Klamath,41035,1635,1.214,36
2020-05-04,Klamath,41035,1141,1.93,57
2020-05-05,Klamath,41035,1216,2.314,69
2020-05-06,Klamath,41035,1161,2.543,76
2020-05-07,Klamath,41035,1139,1.6740000000000002,50
2020-05-08,Klamath,41035,1164,1.85,55
2020-05-09,Klamath,41035,1184,1.265,37
2020-05-10,Klamath,41035,1208,0.552,16
2020-05-11,Klamath,41035,1109,1.5419999999999998,46
2020-05-12,Klamath,41035,1133,1.258,37
2020-05-13,Klamath,41035,905,0.5670000000000001,17
2020-05-14,Klamath,41035,968,0.8170000000000001,24
2020-05-15,Klamath,41035,1713,2.485,74
2020-05-16,Klamath,41035,1689,1.591,47
2020-05-17,Klamath,41035,1759,0.326,9
2020-05-18,Klamath,41035,1748,2.207,66
2020-05-19,Klamath,41035,1567,2.417,72
2020-05-20,Klamath,41035,1665,3.049,91
2020-05-21,Klamath,41035,1789,3.161,94
2020-05-22,Klamath,41035,1744,3.1630000000000003,94
2020-05-23,Klamath,41035,1668,2.504,75
2020-03-01,Lane,41039,5173,2.628,56
2020-03-02,Lane,41039,5433,4.407,94
2020-03-03,Lane,41039,5614,4.646,99
2020-03-04,Lane,41039,5809,4.659,100
2020-03-05,Lane,41039,5549,4.865,104
2020-03-06,Lane,41039,5365,5.151,110
2020-03-07,Lane,41039,5443,3.895,83
2020-03-08,Lane,41039,5365,2.866,61
2020-03-09,Lane,41039,5525,4.39,94
2020-03-10,Lane,41039,5535,4.882,104
2020-03-11,Lane,41039,5565,4.723,101
2020-03-12,Lane,41039,5410,4.7780000000000005,102
2020-03-13,Lane,41039,5315,4.687,100
2020-03-14,Lane,41039,5115,2.292,49
2020-03-15,Lane,41039,4943,1.486,31
2020-03-16,Lane,41039,5012,3.577,76
2020-03-17,Lane,41039,5165,3.0039999999999996,64
2020-03-18,Lane,41039,5010,2.987,64
2020-03-19,Lane,41039,4841,2.479,53
2020-03-20,Lane,41039,4660,3.032,65
2020-03-21,Lane,41039,4172,0.76,16
2020-03-22,Lane,41039,4684,0.318,6
2020-03-23,Lane,41039,4884,0.978,20
2020-03-24,Lane,41039,5005,0.25,5
2020-03-25,Lane,41039,4887,0.622,13
2020-03-26,Lane,41039,5024,0.647,13
2020-03-27,Lane,41039,5014,0.718,15
2020-03-28,Lane,41039,5016,0.038,0
2020-03-29,Lane,41039,5145,0.032,0
2020-03-30,Lane,41039,5208,0.086,1
2020-03-31,Lane,41039,5170,0.621,13
2020-04-01,Lane,41039,5070,0.508,10
2020-04-02,Lane,41039,5061,0.7120000000000001,15
2020-04-03,Lane,41039,5022,1.0759999999999998,23
2020-04-04,Lane,41039,4947,0.043,0
2020-04-05,Lane,41039,5061,0.038,0
2020-04-06,Lane,41039,4911,0.499,10
2020-04-07,Lane,41039,5000,0.8540000000000001,18
2020-04-08,Lane,41039,5037,0.9159999999999999,19
2020-04-09,Lane,41039,4948,0.9490000000000001,20
2020-04-10,Lane,41039,4685,1.4980000000000002,32
2020-04-11,Lane,41039,4668,0.37799999999999995,8
2020-04-12,Lane,41039,4650,0.040999999999999995,0
2020-04-13,Lane,41039,4670,0.78,16
2020-04-14,Lane,41039,4794,0.94,20
2020-04-15,Lane,41039,5098,1.04,22
2020-04-16,Lane,41039,4926,1.285,27
2020-04-17,Lane,41039,4882,1.9569999999999999,42
2020-04-18,Lane,41039,4798,0.138,2
2020-04-19,Lane,41039,4693,0.098,2
2020-04-21,Lane,41039,5848,0.8109999999999999,17
2020-04-22,Lane,41039,5910,0.326,6
2020-04-23,Lane,41039,5944,0.732,15
2020-04-24,Lane,41039,5801,0.624,13
2020-04-25,Lane,41039,5526,0.051,1
2020-04-26,Lane,41039,5538,0.064,1
2020-04-27,Lane,41039,5774,0.5429999999999999,11
2020-04-28,Lane,41039,5749,1.111,23
2020-04-29,Lane,41039,5566,1.054,22
2020-04-30,Lane,41039,8088,1.732,37
2020-05-01,Lane,41039,7344,2.59,55
2020-05-02,Lane,41039,7773,0.429,9
2020-05-03,Lane,41039,7739,0.846,18
2020-05-04,Lane,41039,5515,1.47,31
2020-05-05,Lane,41039,5450,1.74,37
2020-05-06,Lane,41039,5491,2.05,44
2020-05-07,Lane,41039,5767,1.393,29
2020-05-08,Lane,41039,5578,1.945,41
2020-05-09,Lane,41039,5552,1.06,22
2020-05-10,Lane,41039,5569,0.606,13
2020-05-11,Lane,41039,5389,0.715,15
2020-05-12,Lane,41039,5629,1.008,21
2020-05-13,Lane,41039,4358,1.204,25
2020-05-14,Lane,41039,4483,1.057,22
2020-05-15,Lane,41039,7989,2.8960000000000004,62
2020-05-16,Lane,41039,8011,1.577,33
2020-05-17,Lane,41039,8519,0.748,16
2020-05-18,Lane,41039,8386,1.6740000000000002,35
2020-05-19,Lane,41039,7609,2.039,43
2020-05-20,Lane,41039,7932,2.833,60
2020-05-21,Lane,41039,8550,2.74,58
2020-05-22,Lane,41039,8652,3.572,76
2020-05-23,Lane,41039,8361,2.248,48
2020-03-01,Lincoln,41041,931,5.471,194
2020-03-02,Lincoln,41041,761,2.717,96
2020-03-03,Lincoln,41041,745,2.2359999999999998,79
2020-03-04,Lincoln,41041,760,2.843,100
2020-03-05,Lincoln,41041,686,2.8160000000000003,100
2020-03-06,Lincoln,41041,744,3.733,132
2020-03-07,Lincoln,41041,904,3.222,114
2020-03-08,Lincoln,41041,972,8.156,289
2020-03-09,Lincoln,41041,786,2.878,102
2020-03-10,Lincoln,41041,788,2.786,98
2020-03-11,Lincoln,41041,805,2.8739999999999997,102
2020-03-12,Lincoln,41041,776,3.133,111
2020-03-13,Lincoln,41041,750,4.254,151
2020-03-14,Lincoln,41041,849,2.099,74
2020-03-15,Lincoln,41041,867,3.775,134
2020-03-16,Lincoln,41041,749,2.3609999999999998,83
2020-03-17,Lincoln,41041,735,2.227,79
2020-03-18,Lincoln,41041,745,1.3330000000000002,47
2020-03-19,Lincoln,41041,714,0.955,33
2020-03-20,Lincoln,41041,725,1.725,61
2020-03-21,Lincoln,41041,743,0.094,3
2020-03-22,Lincoln,41041,879,0.647,22
2020-03-23,Lincoln,41041,788,0.42,14
2020-03-24,Lincoln,41041,759,0.057999999999999996,2
2020-03-25,Lincoln,41041,709,0.18,6
2020-03-26,Lincoln,41041,666,0.052000000000000005,1
2020-03-27,Lincoln,41041,668,0.046,1
2020-03-28,Lincoln,41041,710,0.034,1
2020-03-29,Lincoln,41041,715,0.03,1
2020-03-30,Lincoln,41041,700,0.038,1
2020-03-31,Lincoln,41041,715,0.059000000000000004,2
2020-04-01,Lincoln,41041,712,0.061,2
2020-04-02,Lincoln,41041,712,0.068,2
2020-04-03,Lincoln,41041,705,0.094,3
2020-04-04,Lincoln,41041,702,0.032,1
2020-04-05,Lincoln,41041,708,0.039,1
2020-04-06,Lincoln,41041,677,0.06,2
2020-04-07,Lincoln,41041,692,0.109,3
2020-04-08,Lincoln,41041,701,0.09699999999999999,3
2020-04-09,Lincoln,41041,678,0.083,2
2020-04-10,Lincoln,41041,647,0.439,15
2020-04-11,Lincoln,41041,665,0.083,2
2020-04-12,Lincoln,41041,688,0.034,1
2020-04-13,Lincoln,41041,665,0.079,2
2020-04-14,Lincoln,41041,690,0.063,2
2020-04-15,Lincoln,41041,714,0.188,6
2020-04-16,Lincoln,41041,699,0.201,7
2020-04-17,Lincoln,41041,698,0.508,18
2020-04-18,Lincoln,41041,724,0.043,1
2020-04-19,Lincoln,41041,679,0.039,1
2020-04-21,Lincoln,41041,819,0.08800000000000001,3
2020-04-22,Lincoln,41041,820,0.045,1
2020-04-23,Lincoln,41041,832,0.25,8
2020-04-24,Lincoln,41041,832,0.09,3
2020-04-25,Lincoln,41041,806,0.048,1
2020-04-26,Lincoln,41041,816,0.038,1
2020-04-27,Lincoln,41041,828,0.07,2
2020-04-28,Lincoln,41041,827,0.11800000000000001,4
2020-04-29,Lincoln,41041,791,0.12,4
2020-04-30,Lincoln,41041,1237,0.386,13
2020-05-01,Lincoln,41041,1145,0.63,22
2020-05-02,Lincoln,41041,1232,0.053,1
2020-05-03,Lincoln,41041,1247,0.392,13
2020-05-04,Lincoln,41041,829,0.172,6
2020-05-05,Lincoln,41041,872,0.49200000000000005,17
2020-05-06,Lincoln,41041,843,0.6920000000000001,24
2020-05-07,Lincoln,41041,932,0.318,11
2020-05-08,Lincoln,41041,887,0.662,23
2020-05-09,Lincoln,41041,918,0.292,10
2020-05-10,Lincoln,41041,891,0.059000000000000004,2
2020-05-11,Lincoln,41041,856,0.059000000000000004,2
2020-05-12,Lincoln,41041,881,0.071,2
2020-05-13,Lincoln,41041,677,0.071,2
2020-05-14,Lincoln,41041,725,0.254,9
2020-05-15,Lincoln,41041,1256,1.226,43
2020-05-16,Lincoln,41041,1360,0.429,15
2020-05-17,Lincoln,41041,1414,0.502,17
2020-05-18,Lincoln,41041,1330,0.594,21
2020-05-19,Lincoln,41041,1205,0.304,10
2020-05-20,Lincoln,41041,1251,1.556,55
2020-05-21,Lincoln,41041,1405,1.545,54
2020-05-22,Lincoln,41041,1412,2.529,89
2020-05-23,Lincoln,41041,1564,2.384,84
2020-03-01,Linn,41043,2139,2.228,35
2020-03-02,Linn,41043,2348,5.132000000000001,82
2020-03-03,Linn,41043,2357,6.047000000000001,97
2020-03-04,Linn,41043,2399,6.202999999999999,100
2020-03-05,Linn,41043,2328,6.5729999999999995,105
2020-03-06,Linn,41043,2237,6.6979999999999995,107
2020-03-07,Linn,41043,2225,3.6860000000000004,59
2020-03-08,Linn,41043,2159,2.205,35
2020-03-09,Linn,41043,2349,5.088,82
2020-03-10,Linn,41043,2319,6.343999999999999,102
2020-03-11,Linn,41043,2399,6.647,107
2020-03-12,Linn,41043,2339,5.794,93
2020-03-13,Linn,41043,2224,5.022,80
2020-03-14,Linn,41043,2153,1.96,31
2020-03-15,Linn,41043,2130,1.3559999999999999,21
2020-03-16,Linn,41043,2190,3.5460000000000003,57
2020-03-17,Linn,41043,2250,3.092,49
2020-03-18,Linn,41043,2203,3.1,49
2020-03-19,Linn,41043,2113,2.565,41
2020-03-20,Linn,41043,2092,3.359,54
2020-03-21,Linn,41043,1866,0.888,14
2020-03-22,Linn,41043,2149,0.235,3
2020-03-23,Linn,41043,2219,1.396,22
2020-03-24,Linn,41043,2251,0.6559999999999999,10
2020-03-25,Linn,41043,2186,0.718,11
2020-03-26,Linn,41043,2237,1.001,16
2020-03-27,Linn,41043,2252,1.034,16
2020-03-28,Linn,41043,2262,0.044000000000000004,0
2020-03-29,Linn,41043,2305,0.034,0
2020-03-30,Linn,41043,2287,0.614,9
2020-03-31,Linn,41043,2320,0.968,15
2020-04-01,Linn,41043,2274,1.072,17
2020-04-02,Linn,41043,2246,1.19,19
2020-04-03,Linn,41043,2271,1.479,23
2020-04-04,Linn,41043,2203,0.078,1
2020-04-05,Linn,41043,2239,0.040999999999999995,0
2020-04-06,Linn,41043,2216,1.081,17
2020-04-07,Linn,41043,2221,1.072,17
2020-04-08,Linn,41043,2230,1.714,27
2020-04-09,Linn,41043,2206,1.6159999999999999,26
2020-04-10,Linn,41043,2103,1.891,30
2020-04-11,Linn,41043,2163,0.75,12
2020-04-12,Linn,41043,2158,0.048,0
2020-04-13,Linn,41043,2109,1.3840000000000001,22
2020-04-14,Linn,41043,2146,1.662,26
2020-04-15,Linn,41043,2314,1.8,29
2020-04-16,Linn,41043,2224,2.276,36
2020-04-17,Linn,41043,2164,2.608,42
2020-04-18,Linn,41043,2156,0.249,4
2020-04-19,Linn,41043,2123,0.06,0
2020-04-21,Linn,41043,2658,1.745,28
2020-04-22,Linn,41043,2697,1.459,23
2020-04-23,Linn,41043,2595,1.528,24
2020-04-24,Linn,41043,2523,1.232,19
2020-04-25,Linn,41043,2466,0.071,1
2020-04-26,Linn,41043,2520,0.076,1
2020-04-27,Linn,41043,2614,1.422,22
2020-04-28,Linn,41043,2616,1.944,31
2020-04-29,Linn,41043,2455,1.56,25
2020-04-30,Linn,41043,4197,2.346,37
2020-05-01,Linn,41043,3745,3.515,56
2020-05-02,Linn,41043,3928,1.0170000000000001,16
2020-05-03,Linn,41043,4029,0.919,14
2020-05-04,Linn,41043,2819,2.101,33
2020-05-05,Linn,41043,2841,2.698,43
2020-05-06,Linn,41043,2874,2.8480000000000003,45
2020-05-07,Linn,41043,2875,2.037,32
2020-05-08,Linn,41043,2947,3.13,50
2020-05-09,Linn,41043,2843,1.787,28
2020-05-10,Linn,41043,2912,1.045,16
2020-05-11,Linn,41043,2809,1.2919999999999998,20
2020-05-12,Linn,41043,2913,1.693,27
2020-05-13,Linn,41043,2245,2.513,40
2020-05-14,Linn,41043,2313,2.052,33
2020-05-15,Linn,41043,4142,3.992,64
2020-05-16,Linn,41043,4107,2.032,32
2020-05-17,Linn,41043,4398,1.2309999999999999,19
2020-05-18,Linn,41043,4166,2.315,37
2020-05-19,Linn,41043,3866,2.5380000000000003,40
2020-05-20,Linn,41043,4096,3.735,60
2020-05-21,Linn,41043,4277,3.207,51
2020-05-22,Linn,41043,4241,3.946,63
2020-05-23,Linn,41043,4228,2.673,43
2020-03-01,Malheur,41045,322,1.156,31
2020-03-02,Malheur,41045,345,2.616,71
2020-03-03,Malheur,41045,346,2.6460000000000004,72
2020-03-04,Malheur,41045,373,4.442,120
2020-03-05,Malheur,41045,350,3.673,100
2020-03-06,Malheur,41045,348,4.468999999999999,121
2020-03-07,Malheur,41045,362,3.407,92
2020-03-08,Malheur,41045,361,2.275,61
2020-03-09,Malheur,41045,349,2.698,73
2020-03-10,Malheur,41045,358,4.493,122
2020-03-11,Malheur,41045,366,4.627,125
2020-03-12,Malheur,41045,363,3.613,98
2020-03-13,Malheur,41045,346,4.782,130
2020-03-14,Malheur,41045,351,2.21,60
2020-03-15,Malheur,41045,342,1.112,30
2020-03-16,Malheur,41045,334,2.786,75
2020-03-17,Malheur,41045,381,4.58,124
2020-03-18,Malheur,41045,341,2.998,81
2020-03-19,Malheur,41045,343,1.896,51
2020-03-20,Malheur,41045,346,3.641,99
2020-03-21,Malheur,41045,329,2.175,59
2020-03-22,Malheur,41045,316,0.7120000000000001,19
2020-03-23,Malheur,41045,354,1.222,33
2020-03-24,Malheur,41045,397,1.6130000000000002,43
2020-03-25,Malheur,41045,347,2.001,54
2020-03-26,Malheur,41045,369,1.252,34
2020-03-27,Malheur,41045,371,1.22,33
2020-03-28,Malheur,41045,371,0.654,17
2020-03-29,Malheur,41045,394,0.07200000000000001,1
2020-03-30,Malheur,41045,373,0.927,25
2020-03-31,Malheur,41045,403,1.4869999999999999,40
2020-04-01,Malheur,41045,367,1.149,31
2020-04-02,Malheur,41045,352,1.3530000000000002,36
2020-04-03,Malheur,41045,356,1.8969999999999998,51
2020-04-04,Malheur,41045,345,1.069,29
2020-04-05,Malheur,41045,370,0.09699999999999999,2
2020-04-06,Malheur,41045,340,0.755,20
2020-04-07,Malheur,41045,388,1.43,38
2020-04-08,Malheur,41045,347,1.024,27
2020-04-09,Malheur,41045,373,1.109,30
2020-04-10,Malheur,41045,341,1.131,30
2020-04-11,Malheur,41045,347,0.523,14
2020-04-12,Malheur,41045,360,0.066,1
2020-04-13,Malheur,41045,329,1.245,33
2020-04-14,Malheur,41045,359,1.0070000000000001,27
2020-04-15,Malheur,41045,377,1.577,42
2020-04-16,Malheur,41045,354,1.4180000000000001,38
2020-04-17,Malheur,41045,328,1.527,41
2020-04-18,Malheur,41045,327,0.574,15
2020-04-19,Malheur,41045,325,0.127,3
2020-04-21,Malheur,41045,501,1.886,51
2020-04-22,Malheur,41045,505,1.554,42
2020-04-23,Malheur,41045,506,1.776,48
2020-04-24,Malheur,41045,467,2.073,56
2020-04-25,Malheur,41045,472,1.1059999999999999,30
2020-04-26,Malheur,41045,446,0.392,10
2020-04-27,Malheur,41045,459,1.652,44
2020-04-28,Malheur,41045,482,2.086,56
2020-04-29,Malheur,41045,485,2.116,57
2020-04-30,Malheur,41045,704,3.25,88
2020-05-01,Malheur,41045,670,4.253,115
2020-05-02,Malheur,41045,707,2.85,77
2020-05-03,Malheur,41045,653,1.156,31
2020-05-04,Malheur,41045,448,1.28,34
2020-05-05,Malheur,41045,500,1.5130000000000001,41
2020-05-06,Malheur,41045,496,1.5619999999999998,42
2020-05-07,Malheur,41045,493,3.1260000000000003,85
2020-05-08,Malheur,41045,463,2.33,63
2020-05-09,Malheur,41045,476,2.012,54
2020-05-10,Malheur,41045,452,1.074,29
2020-05-11,Malheur,41045,429,1.847,50
2020-05-12,Malheur,41045,474,4.208,114
2020-05-13,Malheur,41045,396,1.614,43
2020-05-14,Malheur,41045,440,2.861,77
2020-05-15,Malheur,41045,735,3.737,101
2020-05-16,Malheur,41045,728,3.622,98
2020-05-17,Malheur,41045,756,1.784,48
2020-05-18,Malheur,41045,693,2.5269999999999997,68
2020-05-19,Malheur,41045,721,3.292,89
2020-05-20,Malheur,41045,747,3.373,91
2020-05-21,Malheur,41045,764,6.571000000000001,178
2020-05-22,Malheur,41045,817,7.35,200
2020-05-23,Malheur,41045,756,5.602,152
2020-03-01,Marion,41047,5397,3.03,54
2020-03-02,Marion,41047,5700,5.534,98
2020-03-03,Marion,41047,5790,5.446000000000001,97
2020-03-04,Marion,41047,5923,5.742000000000001,102
2020-03-05,Marion,41047,5725,5.598,100
2020-03-06,Marion,41047,5548,6.1160000000000005,109
2020-03-07,Marion,41047,5548,4.3,76
2020-03-08,Marion,41047,5548,2.9419999999999997,52
2020-03-09,Marion,41047,5799,5.516,98
2020-03-10,Marion,41047,5745,5.795,103
2020-03-11,Marion,41047,5912,5.684,101
2020-03-12,Marion,41047,5670,5.814,103
2020-03-13,Marion,41047,5555,5.71,102
2020-03-14,Marion,41047,5381,2.7289999999999996,48
2020-03-15,Marion,41047,5280,2.086,37
2020-03-16,Marion,41047,5385,4.1739999999999995,74
2020-03-17,Marion,41047,5628,3.952,70
2020-03-18,Marion,41047,5378,3.6710000000000003,65
2020-03-19,Marion,41047,5183,3.384,60
2020-03-20,Marion,41047,5139,3.786,67
2020-03-21,Marion,41047,4454,0.9259999999999999,16
2020-03-22,Marion,41047,4989,0.332,5
2020-03-23,Marion,41047,5273,1.505,26
2020-03-24,Marion,41047,5480,0.726,12
2020-03-25,Marion,41047,5254,1.006,17
2020-03-26,Marion,41047,5392,0.894,15
2020-03-27,Marion,41047,5354,0.882,15
2020-03-28,Marion,41047,5385,0.046,0
2020-03-29,Marion,41047,5519,0.038,0
2020-03-30,Marion,41047,5597,0.512,9
2020-03-31,Marion,41047,5637,1.147,20
2020-04-01,Marion,41047,5571,0.862,15
2020-04-02,Marion,41047,5475,1.382,24
2020-04-03,Marion,41047,5415,1.7730000000000001,31
2020-04-04,Marion,41047,5291,0.065,1
2020-04-05,Marion,41047,5392,0.053,0
2020-04-06,Marion,41047,5275,1.148,20
2020-04-07,Marion,41047,5364,1.47,26
2020-04-08,Marion,41047,5359,1.712,30
2020-04-09,Marion,41047,5278,1.653,29
2020-04-10,Marion,41047,5012,2.414,43
2020-04-11,Marion,41047,5028,0.617,11
2020-04-12,Marion,41047,4971,0.052000000000000005,0
2020-04-13,Marion,41047,5007,1.635,29
2020-04-14,Marion,41047,5190,1.757,31
2020-04-15,Marion,41047,5481,1.761,31
2020-04-16,Marion,41047,5378,2.23,39
2020-04-17,Marion,41047,5238,2.5140000000000002,44
2020-04-18,Marion,41047,5163,0.145,2
2020-04-19,Marion,41047,4961,0.147,2
2020-04-21,Marion,41047,6270,1.4140000000000001,25
2020-04-22,Marion,41047,6381,1.071,19
2020-04-23,Marion,41047,6394,1.511,26
2020-04-24,Marion,41047,6245,1.6369999999999998,29
2020-04-25,Marion,41047,5974,0.106,1
2020-04-26,Marion,41047,6039,0.06,1
2020-04-27,Marion,41047,6240,1.114,19
2020-04-28,Marion,41047,6288,1.57,28
2020-04-29,Marion,41047,6031,1.7630000000000001,31
2020-04-30,Marion,41047,9228,2.326,41
2020-05-01,Marion,41047,8367,3.245,57
2020-05-02,Marion,41047,8840,0.84,15
2020-05-03,Marion,41047,8654,0.752,13
2020-05-04,Marion,41047,6264,1.9340000000000002,34
2020-05-05,Marion,41047,6325,2.2969999999999997,41
2020-05-06,Marion,41047,6398,2.83,50
2020-05-07,Marion,41047,6455,2.131,38
2020-05-08,Marion,41047,6443,2.477,44
2020-05-09,Marion,41047,6423,1.6059999999999999,28
2020-05-10,Marion,41047,6287,0.9540000000000001,17
2020-05-11,Marion,41047,6282,1.172,20
2020-05-12,Marion,41047,6334,1.621,28
2020-05-13,Marion,41047,4884,1.886,33
2020-05-14,Marion,41047,5102,2.061,36
2020-05-15,Marion,41047,9182,3.469,61
2020-05-16,Marion,41047,9125,1.723,30
2020-05-17,Marion,41047,9421,0.7509999999999999,13
2020-05-18,Marion,41047,9434,2.004,35
2020-05-19,Marion,41047,8457,2.521,45
2020-05-20,Marion,41047,9028,3.057,54
2020-05-21,Marion,41047,9558,3.005,53
2020-05-22,Marion,41047,9679,4.1419999999999995,73
2020-05-23,Marion,41047,9353,2.8,50
2020-03-01,Morrow,41049,163,0.96,6
2020-03-02,Morrow,41049,147,5.166,35
2020-03-03,Morrow,41049,165,14.6,100
2020-03-04,Morrow,41049,163,12.825999999999999,87
2020-03-05,Morrow,41049,146,15.148,103
2020-03-06,Morrow,41049,151,21.357,146
2020-03-07,Morrow,41049,146,14.672,100
2020-03-08,Morrow,41049,131,5.038,34
2020-03-09,Morrow,41049,173,14.181,97
2020-03-10,Morrow,41049,179,15.530999999999999,106
2020-03-11,Morrow,41049,183,16.878,115
2020-03-12,Morrow,41049,170,10.004,68
2020-03-13,Morrow,41049,184,13.698,93
2020-03-14,Morrow,41049,140,1.9340000000000002,13
2020-03-15,Morrow,41049,147,2.523,17
2020-03-16,Morrow,41049,150,14.114,96
2020-03-17,Morrow,41049,165,4.287,29
2020-03-18,Morrow,41049,175,11.344000000000001,77
2020-03-19,Morrow,41049,176,14.312999999999999,98
2020-03-20,Morrow,41049,173,9.387,64
2020-03-21,Morrow,41049,157,2.114,14
2020-03-22,Morrow,41049,149,2.7260000000000004,18
2020-03-23,Morrow,41049,183,15.350999999999999,105
2020-03-24,Morrow,41049,194,13.674000000000001,93
2020-03-25,Morrow,41049,165,4.069,27
2020-03-26,Morrow,41049,175,5.684,38
2020-03-27,Morrow,41049,174,2.824,19
2020-03-28,Morrow,41049,169,0.978,6
2020-03-29,Morrow,41049,165,0.127,0
2020-03-30,Morrow,41049,164,1.892,12
2020-03-31,Morrow,41049,181,5.1610000000000005,35
2020-04-01,Morrow,41049,185,10.501,71
2020-04-02,Morrow,41049,166,2.475,16
2020-04-03,Morrow,41049,153,4.678999999999999,32
2020-04-04,Morrow,41049,157,0.9640000000000001,6
2020-04-05,Morrow,41049,158,0.07,0
2020-04-06,Morrow,41049,170,6.084,41
2020-04-07,Morrow,41049,160,6.015,41
2020-04-08,Morrow,41049,153,2.082,14
2020-04-09,Morrow,41049,170,3.6519999999999997,25
2020-04-10,Morrow,41049,163,13.287,91
2020-04-11,Morrow,41049,155,12.600999999999999,86
2020-04-12,Morrow,41049,141,0.11699999999999999,0
2020-04-13,Morrow,41049,160,3.425,23
2020-04-14,Morrow,41049,159,3.6010000000000004,24
2020-04-15,Morrow,41049,165,4.762,32
2020-04-16,Morrow,41049,173,10.023,68
2020-04-17,Morrow,41049,172,5.9110000000000005,40
2020-04-18,Morrow,41049,159,1.273,8
2020-04-19,Morrow,41049,153,0.07,0
2020-04-21,Morrow,41049,251,2.131,14
2020-04-22,Morrow,41049,249,6.446000000000001,44
2020-04-23,Morrow,41049,254,14.652000000000001,100
2020-04-24,Morrow,41049,206,12.192,83
2020-04-25,Morrow,41049,215,1.819,12
2020-04-26,Morrow,41049,208,2.568,17
2020-04-27,Morrow,41049,208,4.879,33
2020-04-28,Morrow,41049,221,11.197000000000001,76
2020-04-29,Morrow,41049,209,14.055,96
2020-04-30,Morrow,41049,392,9.631,65
2020-05-01,Morrow,41049,368,16.687,114
2020-05-02,Morrow,41049,370,6.007999999999999,41
2020-05-03,Morrow,41049,354,3.261,22
2020-05-04,Morrow,41049,244,14.409,98
2020-05-05,Morrow,41049,277,14.989,102
2020-05-06,Morrow,41049,244,14.433,98
2020-05-07,Morrow,41049,248,3.2460000000000004,22
2020-05-08,Morrow,41049,271,14.567,99
2020-05-09,Morrow,41049,244,7.744,53
2020-05-10,Morrow,41049,234,4.042,27
2020-05-11,Morrow,41049,235,9.584,65
2020-05-12,Morrow,41049,286,9.98,68
2020-05-13,Morrow,41049,226,15.075999999999999,103
2020-05-14,Morrow,41049,224,15.37,105
2020-05-15,Morrow,41049,388,16.625,113
2020-05-16,Morrow,41049,366,12.606,86
2020-05-17,Morrow,41049,379,1.248,8
2020-05-18,Morrow,41049,438,11.728,80
2020-05-19,Morrow,41049,416,11.817,80
2020-05-20,Morrow,41049,414,15.32,104
2020-05-21,Morrow,41049,429,15.370999999999999,105
2020-05-22,Morrow,41049,425,18.44,126
2020-05-23,Morrow,41049,384,13.526,92
2020-03-01,Multnomah,41051,8938,2.9389999999999996,58
2020-03-02,Multnomah,41051,9142,4.482,89
2020-03-03,Multnomah,41051,9440,4.783,95
2020-03-04,Multnomah,41051,9637,5.023,100
2020-03-05,Multnomah,41051,9275,5.354,106
2020-03-06,Multnomah,41051,9152,5.184,103
2020-03-07,Multnomah,41051,9437,3.49,69
2020-03-08,Multnomah,41051,9658,3.108,61
2020-03-09,Multnomah,41051,9489,4.874,97
2020-03-10,Multnomah,41051,9210,4.9239999999999995,98
2020-03-11,Multnomah,41051,9247,4.78,95
2020-03-12,Multnomah,41051,9154,5.006,99
2020-03-13,Multnomah,41051,9005,4.49,89
2020-03-14,Multnomah,41051,8512,1.506,29
2020-03-15,Multnomah,41051,8477,1.287,25
2020-03-16,Multnomah,41051,8446,2.861,56
2020-03-17,Multnomah,41051,8911,2.015,40
2020-03-18,Multnomah,41051,8490,1.89,37
2020-03-19,Multnomah,41051,8201,1.405,27
2020-03-20,Multnomah,41051,7949,2.193,43
2020-03-21,Multnomah,41051,7096,0.252,5
2020-03-22,Multnomah,41051,7630,0.068,1
2020-03-23,Multnomah,41051,8211,0.27399999999999997,5
2020-03-24,Multnomah,41051,8531,0.055999999999999994,1
2020-03-25,Multnomah,41051,8066,0.11599999999999999,2
2020-03-26,Multnomah,41051,8303,0.083,1
2020-03-27,Multnomah,41051,8297,0.07200000000000001,1
2020-03-28,Multnomah,41051,8264,0.032,0
2020-03-29,Multnomah,41051,8487,0.028999999999999998,0
2020-03-30,Multnomah,41051,8638,0.042,0
2020-03-31,Multnomah,41051,8603,0.085,1
2020-04-01,Multnomah,41051,8580,0.096,1
2020-04-02,Multnomah,41051,8430,0.102,2
2020-04-03,Multnomah,41051,8233,0.266,5
2020-04-04,Multnomah,41051,8101,0.044000000000000004,0
2020-04-05,Multnomah,41051,8688,0.035,0
2020-04-06,Multnomah,41051,7943,0.07400000000000001,1
2020-04-07,Multnomah,41051,8136,0.20600000000000002,4
2020-04-08,Multnomah,41051,8194,0.311,6
2020-04-09,Multnomah,41051,7999,0.255,5
2020-04-10,Multnomah,41051,7473,0.5589999999999999,11
2020-04-11,Multnomah,41051,7678,0.049,0
2020-04-12,Multnomah,41051,7569,0.033,0
2020-04-13,Multnomah,41051,7596,0.17800000000000002,3
2020-04-14,Multnomah,41051,7800,0.284,5
2020-04-15,Multnomah,41051,8340,0.33799999999999997,6
2020-04-16,Multnomah,41051,8066,0.428,8
2020-04-17,Multnomah,41051,7750,0.6729999999999999,13
2020-04-18,Multnomah,41051,7803,0.037000000000000005,0
2020-04-19,Multnomah,41051,7643,0.04,0
2020-04-21,Multnomah,41051,9864,0.14800000000000002,2
2020-04-22,Multnomah,41051,9850,0.067,1
2020-04-23,Multnomah,41051,9920,0.198,3
2020-04-24,Multnomah,41051,9914,0.23800000000000002,4
2020-04-25,Multnomah,41051,9433,0.04,0
2020-04-26,Multnomah,41051,9415,0.043,0
2020-04-27,Multnomah,41051,9518,0.08800000000000001,1
2020-04-28,Multnomah,41051,10011,0.226,4
2020-04-29,Multnomah,41051,9438,0.292,5
2020-04-30,Multnomah,41051,12436,0.754,15
2020-05-01,Multnomah,41051,11333,1.814,36
2020-05-02,Multnomah,41051,11754,0.057,1
2020-05-03,Multnomah,41051,11524,0.07400000000000001,1
2020-05-04,Multnomah,41051,8228,0.158,3
2020-05-05,Multnomah,41051,8418,0.33399999999999996,6
2020-05-06,Multnomah,41051,8705,0.41700000000000004,8
2020-05-07,Multnomah,41051,9126,0.325,6
2020-05-08,Multnomah,41051,8419,0.7140000000000001,14
2020-05-09,Multnomah,41051,8741,0.138,2
2020-05-10,Multnomah,41051,8714,0.10800000000000001,2
2020-05-11,Multnomah,41051,8425,0.05,0
2020-05-12,Multnomah,41051,8875,0.092,1
2020-05-13,Multnomah,41051,6966,0.156,3
2020-05-14,Multnomah,41051,7244,0.136,2
2020-05-15,Multnomah,41051,12446,1.725,34
2020-05-16,Multnomah,41051,12236,0.44799999999999995,8
2020-05-17,Multnomah,41051,12654,0.198,3
2020-05-18,Multnomah,41051,12932,0.39799999999999996,7
2020-05-19,Multnomah,41051,12050,0.868,17
2020-05-20,Multnomah,41051,12122,1.442,28
2020-05-21,Multnomah,41051,12892,1.4240000000000002,28
2020-05-22,Multnomah,41051,13379,2.359,46
2020-05-23,Multnomah,41051,12834,1.0,19
2020-03-01,Polk,41053,732,1.834,24
2020-03-02,Polk,41053,775,6.747000000000001,89
2020-03-03,Polk,41053,784,7.537000000000001,100
2020-03-04,Polk,41053,788,9.12,121
2020-03-05,Polk,41053,766,7.32,97
2020-03-06,Polk,41053,745,9.285,123
2020-03-07,Polk,41053,763,3.803,50
2020-03-08,Polk,41053,775,1.662,22
2020-03-09,Polk,41053,793,5.417999999999999,71
2020-03-10,Polk,41053,747,7.192,95
2020-03-11,Polk,41053,792,5.666,75
2020-03-12,Polk,41053,739,3.4789999999999996,46
2020-03-13,Polk,41053,731,4.533,60
2020-03-14,Polk,41053,713,1.7480000000000002,23
2020-03-15,Polk,41053,720,0.8959999999999999,11
2020-03-16,Polk,41053,737,3.685,48
2020-03-17,Polk,41053,744,2.449,32
2020-03-18,Polk,41053,754,2.189,29
2020-03-19,Polk,41053,705,1.8719999999999999,24
2020-03-20,Polk,41053,674,3.616,47
2020-03-21,Polk,41053,593,0.7509999999999999,9
2020-03-22,Polk,41053,658,0.14300000000000002,1
2020-03-23,Polk,41053,697,0.7959999999999999,10
2020-03-24,Polk,41053,735,0.22899999999999998,3
2020-03-25,Polk,41053,688,0.838,11
2020-03-26,Polk,41053,731,0.28800000000000003,3
2020-03-27,Polk,41053,735,0.115,1
2020-03-28,Polk,41053,738,0.04,0
2020-03-29,Polk,41053,746,0.037000000000000005,0
2020-03-30,Polk,41053,750,0.124,1
2020-03-31,Polk,41053,755,0.575,7
2020-04-01,Polk,41053,727,0.113,1
2020-04-02,Polk,41053,718,0.253,3
2020-04-03,Polk,41053,736,0.976,12
2020-04-04,Polk,41053,698,0.055,0
2020-04-05,Polk,41053,732,0.051,0
2020-04-06,Polk,41053,697,0.5479999999999999,7
2020-04-07,Polk,41053,697,0.8059999999999999,10
2020-04-08,Polk,41053,707,0.9079999999999999,12
2020-04-09,Polk,41053,717,0.737,9
2020-04-10,Polk,41053,655,1.037,13
2020-04-11,Polk,41053,667,0.389,5
2020-04-12,Polk,41053,663,0.044000000000000004,0
2020-04-13,Polk,41053,674,1.0759999999999998,14
2020-04-14,Polk,41053,678,0.816,10
2020-04-15,Polk,41053,767,0.833,11
2020-04-16,Polk,41053,714,1.1520000000000001,15
2020-04-17,Polk,41053,685,1.348,17
2020-04-18,Polk,41053,705,0.037000000000000005,0
2020-04-19,Polk,41053,698,0.064,0
2020-04-21,Polk,41053,851,0.5429999999999999,7
2020-04-22,Polk,41053,872,0.588,7
2020-04-23,Polk,41053,845,0.706,9
2020-04-24,Polk,41053,825,0.858,11
2020-04-25,Polk,41053,797,0.11,1
2020-04-26,Polk,41053,828,0.048,0
2020-04-27,Polk,41053,832,0.635,8
2020-04-28,Polk,41053,815,0.7829999999999999,10
2020-04-29,Polk,41053,790,0.6759999999999999,8
2020-04-30,Polk,41053,1349,1.327,17
2020-05-01,Polk,41053,1252,2.26,29
2020-05-02,Polk,41053,1286,0.691,9
2020-05-03,Polk,41053,1266,0.19,2
2020-05-04,Polk,41053,876,1.2690000000000001,16
2020-05-05,Polk,41053,917,1.614,21
2020-05-06,Polk,41053,916,1.6019999999999999,21
2020-05-07,Polk,41053,915,1.111,14
2020-05-08,Polk,41053,926,2.18,28
2020-05-09,Polk,41053,888,1.7309999999999999,22
2020-05-10,Polk,41053,928,0.321,4
2020-05-11,Polk,41053,872,0.674,8
2020-05-12,Polk,41053,893,1.055,13
2020-05-13,Polk,41053,721,1.161,15
2020-05-14,Polk,41053,762,0.9279999999999999,12
2020-05-15,Polk,41053,1306,1.8659999999999999,24
2020-05-16,Polk,41053,1243,1.3519999999999999,17
2020-05-17,Polk,41053,1361,0.434,5
2020-05-18,Polk,41053,1337,0.7609999999999999,10
2020-05-19,Polk,41053,1202,1.344,17
2020-05-20,Polk,41053,1258,2.282,30
2020-05-21,Polk,41053,1366,1.972,26
2020-05-22,Polk,41053,1362,2.8480000000000003,37
2020-05-23,Polk,41053,1294,1.974,26
2020-03-01,Tillamook,41057,432,6.4479999999999995,190
2020-03-02,Tillamook,41057,342,2.6910000000000003,79
2020-03-03,Tillamook,41057,323,3.38,100
2020-03-04,Tillamook,41057,314,4.476,132
2020-03-05,Tillamook,41057,316,3.242,95
2020-03-06,Tillamook,41057,313,3.489,103
2020-03-07,Tillamook,41057,393,1.111,32
2020-03-08,Tillamook,41057,427,6.507000000000001,192
2020-03-09,Tillamook,41057,347,3.898,115
2020-03-10,Tillamook,41057,315,4.477,132
2020-03-11,Tillamook,41057,311,3.17,93
2020-03-12,Tillamook,41057,321,2.4659999999999997,72
2020-03-13,Tillamook,41057,325,4.1160000000000005,121
2020-03-14,Tillamook,41057,374,0.8490000000000001,25
2020-03-15,Tillamook,41057,369,2.156,63
2020-03-16,Tillamook,41057,320,3.123,92
2020-03-17,Tillamook,41057,343,1.212,35
2020-03-18,Tillamook,41057,330,2.4859999999999998,73
2020-03-19,Tillamook,41057,348,1.5919999999999999,47
2020-03-20,Tillamook,41057,365,1.6,47
2020-03-21,Tillamook,41057,377,0.43200000000000005,12
2020-03-22,Tillamook,41057,477,1.075,31
2020-03-23,Tillamook,41057,393,1.577,46
2020-03-24,Tillamook,41057,336,0.044000000000000004,1
2020-03-25,Tillamook,41057,327,0.192,5
2020-03-26,Tillamook,41057,337,0.045,1
2020-03-27,Tillamook,41057,337,0.037000000000000005,1
2020-03-28,Tillamook,41057,342,0.031,0
2020-03-29,Tillamook,41057,372,0.035,1
2020-03-30,Tillamook,41057,349,0.034,1
2020-03-31,Tillamook,41057,336,0.046,1
2020-04-01,Tillamook,41057,320,0.057,1
2020-04-02,Tillamook,41057,334,0.05,1
2020-04-03,Tillamook,41057,334,0.536,15
2020-04-04,Tillamook,41057,344,0.034,1
2020-04-05,Tillamook,41057,382,0.039,1
2020-04-06,Tillamook,41057,326,0.073,2
2020-04-07,Tillamook,41057,327,0.081,2
2020-04-08,Tillamook,41057,337,0.105,3
2020-04-09,Tillamook,41057,331,0.064,1
2020-04-10,Tillamook,41057,319,0.239,7
2020-04-11,Tillamook,41057,338,0.055,1
2020-04-12,Tillamook,41057,328,0.042,1
2020-04-13,Tillamook,41057,330,0.064,1
2020-04-14,Tillamook,41057,337,0.092,2
2020-04-15,Tillamook,41057,361,0.059000000000000004,1
2020-04-16,Tillamook,41057,363,0.22399999999999998,6
2020-04-17,Tillamook,41057,346,0.336,9
2020-04-18,Tillamook,41057,369,0.038,1
2020-04-19,Tillamook,41057,346,0.032,0
2020-04-21,Tillamook,41057,427,0.069,2
2020-04-22,Tillamook,41057,415,0.075,2
2020-04-23,Tillamook,41057,403,0.07,2
2020-04-24,Tillamook,41057,432,0.07400000000000001,2
2020-04-25,Tillamook,41057,417,0.047,1
2020-04-26,Tillamook,41057,421,0.091,2
2020-04-27,Tillamook,41057,430,0.046,1
2020-04-28,Tillamook,41057,418,0.08199999999999999,2
2020-04-29,Tillamook,41057,369,0.067,1
2020-04-30,Tillamook,41057,651,1.24,36
2020-05-01,Tillamook,41057,608,1.692,50
2020-05-02,Tillamook,41057,645,0.045,1
2020-05-03,Tillamook,41057,645,0.8190000000000001,24
2020-05-04,Tillamook,41057,439,0.929,27
2020-05-05,Tillamook,41057,415,0.541,16
2020-05-06,Tillamook,41057,414,1.244,36
2020-05-07,Tillamook,41057,441,0.997,29
2020-05-08,Tillamook,41057,444,1.547,45
2020-05-09,Tillamook,41057,477,0.67,19
2020-05-10,Tillamook,41057,477,0.619,18
2020-05-11,Tillamook,41057,443,0.319,9
2020-05-12,Tillamook,41057,417,0.193,5
2020-05-13,Tillamook,41057,350,0.172,5
2020-05-14,Tillamook,41057,346,0.068,2
2020-05-15,Tillamook,41057,645,1.507,44
2020-05-16,Tillamook,41057,677,0.8109999999999999,23
2020-05-17,Tillamook,41057,700,0.23399999999999999,6
2020-05-18,Tillamook,41057,668,0.907,26
2020-05-19,Tillamook,41057,591,1.169,34
2020-05-20,Tillamook,41057,636,2.128,62
2020-05-21,Tillamook,41057,649,1.476,43
2020-05-22,Tillamook,41057,715,1.733,51
2020-05-23,Tillamook,41057,861,1.749,51
2020-03-01,Umatilla,41059,1091,2.128,69
2020-03-02,Umatilla,41059,1202,2.867,93
2020-03-03,Umatilla,41059,1165,3.056,100
2020-03-04,Umatilla,41059,1241,2.878,94
2020-03-05,Umatilla,41059,1135,3.8360000000000003,125
2020-03-06,Umatilla,41059,1153,3.627,118
2020-03-07,Umatilla,41059,1136,2.9739999999999998,97
2020-03-08,Umatilla,41059,1112,2.31,75
2020-03-09,Umatilla,41059,1175,3.425,112
2020-03-10,Umatilla,41059,1186,3.2739999999999996,107
2020-03-11,Umatilla,41059,1178,3.21,105
2020-03-12,Umatilla,41059,1116,3.627,118
2020-03-13,Umatilla,41059,1108,3.7569999999999997,122
2020-03-14,Umatilla,41059,1075,2.137,69
2020-03-15,Umatilla,41059,1014,1.258,41
2020-03-16,Umatilla,41059,1063,2.8289999999999997,92
2020-03-17,Umatilla,41059,1099,3.2039999999999997,104
2020-03-18,Umatilla,41059,1095,2.129,69
2020-03-19,Umatilla,41059,1083,2.698,88
2020-03-20,Umatilla,41059,1034,2.969,97
2020-03-21,Umatilla,41059,929,1.74,56
2020-03-22,Umatilla,41059,997,1.1,35
2020-03-23,Umatilla,41059,1084,2.238,73
2020-03-24,Umatilla,41059,1143,1.896,62
2020-03-25,Umatilla,41059,1086,1.788,58
2020-03-26,Umatilla,41059,1133,1.736,56
2020-03-27,Umatilla,41059,1151,1.905,62
2020-03-28,Umatilla,41059,1126,0.622,20
2020-03-29,Umatilla,41059,1170,0.122,3
2020-03-30,Umatilla,41059,1196,1.3880000000000001,45
2020-03-31,Umatilla,41059,1214,1.801,58
2020-04-01,Umatilla,41059,1188,1.689,55
2020-04-02,Umatilla,41059,1160,1.882,61
2020-04-03,Umatilla,41059,1102,2.215,72
2020-04-04,Umatilla,41059,1081,0.675,22
2020-04-05,Umatilla,41059,1101,0.08800000000000001,2
2020-04-06,Umatilla,41059,1115,1.7590000000000001,57
2020-04-07,Umatilla,41059,1155,1.699,55
2020-04-08,Umatilla,41059,1108,2.064,67
2020-04-09,Umatilla,41059,1142,2.013,65
2020-04-10,Umatilla,41059,1056,2.2640000000000002,74
2020-04-11,Umatilla,41059,1036,0.831,27
2020-04-12,Umatilla,41059,1028,0.124,4
2020-04-13,Umatilla,41059,1051,1.71,55
2020-04-14,Umatilla,41059,1132,2.043,66
2020-04-15,Umatilla,41059,1157,1.757,57
2020-04-16,Umatilla,41059,1123,2.1109999999999998,69
2020-04-17,Umatilla,41059,1077,2.484,81
2020-04-18,Umatilla,41059,1062,1.024,33
2020-04-19,Umatilla,41059,1005,0.489,16
2020-04-21,Umatilla,41059,1449,2.309,75
2020-04-22,Umatilla,41059,1419,2.114,69
2020-04-23,Umatilla,41059,1413,2.477,81
2020-04-24,Umatilla,41059,1374,2.41,78
2020-04-25,Umatilla,41059,1302,1.275,41
2020-04-26,Umatilla,41059,1253,0.466,15
2020-04-27,Umatilla,41059,1287,1.9809999999999999,64
2020-04-28,Umatilla,41059,1371,2.148,70
2020-04-29,Umatilla,41059,1380,2.092,68
2020-04-30,Umatilla,41059,1985,2.7430000000000003,89
2020-05-01,Umatilla,41059,1814,3.346,109
2020-05-02,Umatilla,41059,1942,1.956,64
2020-05-03,Umatilla,41059,1861,1.696,55
2020-05-04,Umatilla,41059,1337,2.72,89
2020-05-05,Umatilla,41059,1432,2.736,89
2020-05-06,Umatilla,41059,1383,2.543,83
2020-05-07,Umatilla,41059,1405,2.7939999999999996,91
2020-05-08,Umatilla,41059,1420,3.5389999999999997,115
2020-05-09,Umatilla,41059,1333,2.0780000000000003,67
2020-05-10,Umatilla,41059,1305,1.315,43
2020-05-11,Umatilla,41059,1342,2.354,77
2020-05-12,Umatilla,41059,1446,2.181,71
2020-05-13,Umatilla,41059,1148,2.617,85
2020-05-14,Umatilla,41059,1139,2.6319999999999997,86
2020-05-15,Umatilla,41059,1985,3.258,106
2020-05-16,Umatilla,41059,2044,2.7289999999999996,89
2020-05-17,Umatilla,41059,2082,1.392,45
2020-05-18,Umatilla,41059,1996,2.492,81
2020-05-19,Umatilla,41059,1979,2.81,91
2020-05-20,Umatilla,41059,2072,3.052,99
2020-05-21,Umatilla,41059,2166,3.795,124
2020-05-22,Umatilla,41059,2182,5.3420000000000005,174
2020-05-23,Umatilla,41059,2024,3.122,102
2020-03-01,Union,41061,313,0.7509999999999999,35
2020-03-02,Union,41061,339,1.896,89
2020-03-03,Union,41061,352,2.07,97
2020-03-04,Union,41061,365,2.129,100
2020-03-05,Union,41061,374,2.295,107
2020-03-06,Union,41061,347,2.702,126
2020-03-07,Union,41061,337,2.077,97
2020-03-08,Union,41061,356,1.235,58
2020-03-09,Union,41061,385,2.095,98
2020-03-10,Union,41061,372,2.093,98
2020-03-11,Union,41061,383,2.291,107
2020-03-12,Union,41061,340,2.206,103
2020-03-13,Union,41061,352,2.653,124
2020-03-14,Union,41061,333,1.178,55
2020-03-15,Union,41061,311,0.513,24
2020-03-16,Union,41061,308,1.55,72
2020-03-17,Union,41061,349,2.125,99
2020-03-18,Union,41061,344,2.158,101
2020-03-19,Union,41061,345,2.0140000000000002,94
2020-03-20,Union,41061,310,2.225,104
2020-03-21,Union,41061,295,1.151,54
2020-03-22,Union,41061,309,1.114,52
2020-03-23,Union,41061,323,2.086,97
2020-03-24,Union,41061,338,1.304,61
2020-03-25,Union,41061,337,1.446,67
2020-03-26,Union,41061,351,1.982,93
2020-03-27,Union,41061,358,1.5919999999999999,74
2020-03-28,Union,41061,349,0.956,44
2020-03-29,Union,41061,364,0.043,2
2020-03-30,Union,41061,344,0.759,35
2020-03-31,Union,41061,368,1.525,71
2020-04-01,Union,41061,372,1.2690000000000001,59
2020-04-02,Union,41061,362,0.888,41
2020-04-03,Union,41061,358,1.689,79
2020-04-04,Union,41061,335,0.136,6
2020-04-05,Union,41061,346,0.052000000000000005,2
2020-04-06,Union,41061,335,1.247,58
2020-04-07,Union,41061,352,1.63,76
2020-04-08,Union,41061,348,1.412,66
2020-04-09,Union,41061,338,1.486,69
2020-04-10,Union,41061,322,1.6119999999999999,75
2020-04-11,Union,41061,334,0.78,36
2020-04-12,Union,41061,311,0.092,4
2020-04-13,Union,41061,318,1.226,57
2020-04-14,Union,41061,339,1.358,63
2020-04-15,Union,41061,352,1.6869999999999998,79
2020-04-16,Union,41061,322,1.766,82
2020-04-17,Union,41061,335,2.147,100
2020-04-18,Union,41061,322,1.128,52
2020-04-19,Union,41061,294,0.988,46
2020-04-21,Union,41061,439,1.5630000000000002,73
2020-04-22,Union,41061,443,1.432,67
2020-04-23,Union,41061,440,1.6680000000000001,78
2020-04-24,Union,41061,414,2.022,94
2020-04-25,Union,41061,401,0.48700000000000004,22
2020-04-26,Union,41061,421,0.344,16
2020-04-27,Union,41061,408,1.042,48
2020-04-28,Union,41061,417,1.7369999999999999,81
2020-04-29,Union,41061,411,1.037,48
2020-04-30,Union,41061,635,1.7009999999999998,79
2020-05-01,Union,41061,611,2.897,136
2020-05-02,Union,41061,679,1.548,72
2020-05-03,Union,41061,654,0.7979999999999999,37
2020-05-04,Union,41061,436,2.1,98
2020-05-05,Union,41061,472,2.316,108
2020-05-06,Union,41061,467,1.9969999999999999,93
2020-05-07,Union,41061,437,2.213,103
2020-05-08,Union,41061,463,2.305,108
2020-05-09,Union,41061,471,2.366,111
2020-05-10,Union,41061,430,1.5859999999999999,74
2020-05-11,Union,41061,423,0.9940000000000001,46
2020-05-12,Union,41061,477,1.7269999999999999,81
2020-05-13,Union,41061,357,1.692,79
2020-05-14,Union,41061,370,1.7480000000000002,82
2020-05-15,Union,41061,701,2.804,131
2020-05-16,Union,41061,708,2.42,113
2020-05-17,Union,41061,672,0.956,44
2020-05-18,Union,41061,659,1.925,90
2020-05-19,Union,41061,653,1.976,92
2020-05-20,Union,41061,637,2.076,97
2020-05-21,Union,41061,692,2.46,115
2020-05-22,Union,41061,692,2.795,131
2020-05-23,Union,41061,706,2.499,117
2020-03-01,Wasco,41065,297,1.735,61
2020-03-02,Wasco,41065,298,2.821,100
2020-03-03,Wasco,41065,319,2.593,91
2020-03-04,Wasco,41065,325,2.6919999999999997,95
2020-03-05,Wasco,41065,302,2.946,104
2020-03-06,Wasco,41065,287,3.758,133
2020-03-07,Wasco,41065,299,1.88,66
2020-03-08,Wasco,41065,297,1.475,52
2020-03-09,Wasco,41065,299,3.0239999999999996,107
2020-03-10,Wasco,41065,322,3.173,112
2020-03-11,Wasco,41065,302,2.596,92
2020-03-12,Wasco,41065,304,3.0210000000000004,107
2020-03-13,Wasco,41065,285,3.279,116
2020-03-14,Wasco,41065,291,0.625,22
2020-03-15,Wasco,41065,259,0.308,10
2020-03-16,Wasco,41065,280,2.614,92
2020-03-17,Wasco,41065,300,2.013,71
2020-03-18,Wasco,41065,297,1.9280000000000002,68
2020-03-19,Wasco,41065,293,1.962,69
2020-03-20,Wasco,41065,268,2.367,83
2020-03-21,Wasco,41065,259,0.9059999999999999,32
2020-03-22,Wasco,41065,265,0.332,11
2020-03-23,Wasco,41065,305,1.4169999999999998,50
2020-03-24,Wasco,41065,304,0.735,26
2020-03-25,Wasco,41065,296,1.483,52
2020-03-26,Wasco,41065,301,0.747,26
2020-03-27,Wasco,41065,299,0.682,24
2020-03-28,Wasco,41065,290,0.042,1
2020-03-29,Wasco,41065,303,0.038,1
2020-03-30,Wasco,41065,308,0.055999999999999994,1
2020-03-31,Wasco,41065,305,0.33,11
2020-04-01,Wasco,41065,324,0.489,17
2020-04-02,Wasco,41065,316,0.696,24
2020-04-03,Wasco,41065,304,0.46299999999999997,16
2020-04-04,Wasco,41065,279,0.034,1
2020-04-05,Wasco,41065,303,0.034,1
2020-04-06,Wasco,41065,285,1.139,40
2020-04-07,Wasco,41065,280,0.711,25
2020-04-08,Wasco,41065,276,1.275,45
2020-04-09,Wasco,41065,281,1.1740000000000002,41
2020-04-10,Wasco,41065,273,1.5819999999999999,56
2020-04-11,Wasco,41065,290,0.157,5
2020-04-12,Wasco,41065,279,0.077,2
2020-04-13,Wasco,41065,286,0.841,29
2020-04-14,Wasco,41065,279,1.475,52
2020-04-15,Wasco,41065,296,1.371,48
2020-04-16,Wasco,41065,314,1.12,39
2020-04-17,Wasco,41065,306,1.788,63
2020-04-18,Wasco,41065,307,0.054000000000000006,1
2020-04-19,Wasco,41065,294,0.08900000000000001,3
2020-04-21,Wasco,41065,385,1.3769999999999998,48
2020-04-22,Wasco,41065,379,1.146,40
2020-04-23,Wasco,41065,383,0.703,24
2020-04-24,Wasco,41065,367,0.705,24
2020-04-25,Wasco,41065,368,0.122,4
2020-04-26,Wasco,41065,357,0.065,2
2020-04-27,Wasco,41065,377,1.776,62
2020-04-28,Wasco,41065,370,1.83,64
2020-04-29,Wasco,41065,371,1.597,56
2020-04-30,Wasco,41065,535,1.973,69
2020-05-01,Wasco,41065,520,2.698,95
2020-05-02,Wasco,41065,548,0.39399999999999996,13
2020-05-03,Wasco,41065,565,0.7090000000000001,25
2020-05-04,Wasco,41065,398,1.821,64
2020-05-05,Wasco,41065,378,1.656,58
2020-05-06,Wasco,41065,402,2.246,79
2020-05-07,Wasco,41065,414,1.851,65
2020-05-08,Wasco,41065,367,2.21,78
2020-05-09,Wasco,41065,381,1.358,48
2020-05-10,Wasco,41065,372,0.8859999999999999,31
2020-05-11,Wasco,41065,386,0.544,19
2020-05-12,Wasco,41065,406,1.7790000000000001,63
2020-05-13,Wasco,41065,327,0.8340000000000001,29
2020-05-14,Wasco,41065,321,1.355,48
2020-05-15,Wasco,41065,549,2.291,81
2020-05-16,Wasco,41065,552,1.32,46
2020-05-17,Wasco,41065,559,1.1440000000000001,40
2020-05-18,Wasco,41065,552,1.906,67
2020-05-19,Wasco,41065,497,2.501,88
2020-05-20,Wasco,41065,592,2.412,85
2020-05-21,Wasco,41065,608,2.44,86
2020-05-22,Wasco,41065,605,3.188,113
2020-05-23,Wasco,41065,605,1.2770000000000001,45
2020-03-01,Washington,41067,9836,3.29,56
2020-03-02,Washington,41067,10329,5.624,97
2020-03-03,Washington,41067,10710,5.638999999999999,97
2020-03-04,Washington,41067,10794,5.774,100
2020-03-05,Washington,41067,10517,6.235,107
2020-03-06,Washington,41067,10337,6.002999999999999,103
2020-03-07,Washington,41067,10209,4.883,84
2020-03-08,Washington,41067,10130,3.326,57
2020-03-09,Washington,41067,10662,5.513999999999999,95
2020-03-10,Washington,41067,10517,5.822,100
2020-03-11,Washington,41067,10543,5.832999999999999,101
2020-03-12,Washington,41067,10289,5.6129999999999995,97
2020-03-13,Washington,41067,10126,5.254,90
2020-03-14,Washington,41067,9818,2.026,35
2020-03-15,Washington,41067,9649,1.392,24
2020-03-16,Washington,41067,9809,3.512,60
2020-03-17,Washington,41067,10156,2.612,45
2020-03-18,Washington,41067,9848,2.24,38
2020-03-19,Washington,41067,9416,1.892,32
2020-03-20,Washington,41067,9057,2.5469999999999997,44
2020-03-21,Washington,41067,7937,0.47700000000000004,8
2020-03-22,Washington,41067,8927,0.165,2
2020-03-23,Washington,41067,9610,0.434,7
2020-03-24,Washington,41067,10022,0.044000000000000004,0
2020-03-25,Washington,41067,9658,0.24600000000000002,4
2020-03-26,Washington,41067,9965,0.085,1
2020-03-27,Washington,41067,9783,0.115,1
2020-03-28,Washington,41067,9749,0.035,0
2020-03-29,Washington,41067,10085,0.031,0
2020-03-30,Washington,41067,10152,0.049,0
2020-03-31,Washington,41067,10301,0.203,3
2020-04-01,Washington,41067,10102,0.087,1
2020-04-02,Washington,41067,9944,0.124,2
2020-04-03,Washington,41067,9811,0.34600000000000003,5
2020-04-04,Washington,41067,9669,0.055,0
2020-04-05,Washington,41067,10012,0.040999999999999995,0
2020-04-06,Washington,41067,9567,0.142,2
2020-04-07,Washington,41067,9726,0.324,5
2020-04-08,Washington,41067,9767,0.385,6
2020-04-09,Washington,41067,9541,0.42100000000000004,7
2020-04-10,Washington,41067,8912,0.996,17
2020-04-11,Washington,41067,9027,0.188,3
2020-04-12,Washington,41067,8950,0.033,0
2020-04-13,Washington,41067,8952,0.342,5
2020-04-14,Washington,41067,9244,0.46399999999999997,8
2020-04-15,Washington,41067,9888,0.39399999999999996,6
2020-04-16,Washington,41067,9561,0.79,13
2020-04-17,Washington,41067,9370,1.3719999999999999,23
2020-04-18,Washington,41067,9171,0.048,0
2020-04-19,Washington,41067,8996,0.048,0
2020-04-21,Washington,41067,10978,0.243,4
2020-04-22,Washington,41067,11131,0.065,1
2020-04-23,Washington,41067,11079,0.205,3
2020-04-24,Washington,41067,10911,0.429,7
2020-04-25,Washington,41067,10381,0.052000000000000005,0
2020-04-26,Washington,41067,10497,0.039,0
2020-04-27,Washington,41067,10788,0.069,1
2020-04-28,Washington,41067,11217,0.242,4
2020-04-29,Washington,41067,10592,0.294,5
2020-04-30,Washington,41067,14720,0.461,7
2020-05-01,Washington,41067,13034,1.6,27
2020-05-02,Washington,41067,14128,0.054000000000000006,0
2020-05-03,Washington,41067,13940,0.10400000000000001,1
2020-05-04,Washington,41067,9563,0.38,6
2020-05-05,Washington,41067,9724,0.40700000000000003,7
2020-05-06,Washington,41067,9669,0.69,11
2020-05-07,Washington,41067,10017,0.292,5
2020-05-08,Washington,41067,9697,0.9420000000000001,16
2020-05-09,Washington,41067,10030,0.433,7
2020-05-10,Washington,41067,10166,0.158,2
2020-05-11,Washington,41067,9588,0.049,0
2020-05-12,Washington,41067,9879,0.09,1
2020-05-13,Washington,41067,7470,0.16,2
2020-05-14,Washington,41067,7663,0.11699999999999999,2
2020-05-15,Washington,41067,14369,1.569,27
2020-05-16,Washington,41067,14728,0.7240000000000001,12
2020-05-17,Washington,41067,15479,0.20600000000000002,3
2020-05-18,Washington,41067,15352,0.22399999999999998,3
2020-05-19,Washington,41067,13402,0.972,16
2020-05-20,Washington,41067,14163,1.4140000000000001,24
2020-05-21,Washington,41067,15379,1.35,23
2020-05-22,Washington,41067,15788,2.384,41
2020-05-23,Washington,41067,15062,1.386,24
2020-03-01,Yamhill,41071,1717,3.075,49
2020-03-02,Yamhill,41071,1813,5.692,92
2020-03-03,Yamhill,41071,1843,6.157,100
2020-03-04,Yamhill,41071,1881,5.827999999999999,94
2020-03-05,Yamhill,41071,1774,6.676,108
2020-03-06,Yamhill,41071,1741,6.973,113
2020-03-07,Yamhill,41071,1737,4.444,72
2020-03-08,Yamhill,41071,1771,2.917,47
2020-03-09,Yamhill,41071,1849,5.6770000000000005,92
2020-03-10,Yamhill,41071,1807,6.407,104
2020-03-11,Yamhill,41071,1822,7.4,120
2020-03-12,Yamhill,41071,1780,5.593999999999999,90
2020-03-13,Yamhill,41071,1766,5.995,97
2020-03-14,Yamhill,41071,1716,2.5580000000000003,41
2020-03-15,Yamhill,41071,1674,1.8659999999999999,30
2020-03-16,Yamhill,41071,1685,3.747,60
2020-03-17,Yamhill,41071,1700,3.3510000000000004,54
2020-03-18,Yamhill,41071,1664,2.89,46
2020-03-19,Yamhill,41071,1590,3.0460000000000003,49
2020-03-20,Yamhill,41071,1587,3.322,53
2020-03-21,Yamhill,41071,1439,0.963,15
2020-03-22,Yamhill,41071,1558,0.522,8
2020-03-23,Yamhill,41071,1664,1.268,20
2020-03-24,Yamhill,41071,1705,0.7390000000000001,12
2020-03-25,Yamhill,41071,1617,1.1440000000000001,18
2020-03-26,Yamhill,41071,1710,0.9490000000000001,15
2020-03-27,Yamhill,41071,1696,0.9470000000000001,15
2020-03-28,Yamhill,41071,1712,0.07200000000000001,1
2020-03-29,Yamhill,41071,1745,0.04,0
2020-03-30,Yamhill,41071,1769,0.597,9
2020-03-31,Yamhill,41071,1731,0.84,13
2020-04-01,Yamhill,41071,1732,0.925,15
2020-04-02,Yamhill,41071,1735,0.948,15
2020-04-03,Yamhill,41071,1685,1.63,26
2020-04-04,Yamhill,41071,1614,0.28300000000000003,4
2020-04-05,Yamhill,41071,1664,0.062,1
2020-04-06,Yamhill,41071,1630,1.08,17
2020-04-07,Yamhill,41071,1656,1.3880000000000001,22
2020-04-08,Yamhill,41071,1659,1.128,18
2020-04-09,Yamhill,41071,1653,1.359,22
2020-04-10,Yamhill,41071,1572,2.3,37
2020-04-11,Yamhill,41071,1573,0.946,15
2020-04-12,Yamhill,41071,1546,0.05,0
2020-04-13,Yamhill,41071,1541,1.4580000000000002,23
2020-04-14,Yamhill,41071,1613,1.689,27
2020-04-15,Yamhill,41071,1708,1.84,29
2020-04-16,Yamhill,41071,1662,2.197,35
2020-04-17,Yamhill,41071,1623,2.676,43
2020-04-18,Yamhill,41071,1610,0.486,7
2020-04-19,Yamhill,41071,1560,0.07,1
2020-04-21,Yamhill,41071,1916,1.3159999999999998,21
2020-04-22,Yamhill,41071,1997,0.892,14
2020-04-23,Yamhill,41071,1956,1.814,29
2020-04-24,Yamhill,41071,1873,1.375,22
2020-04-25,Yamhill,41071,1825,0.174,2
2020-04-26,Yamhill,41071,1803,0.071,1
2020-04-27,Yamhill,41071,1874,1.226,19
2020-04-28,Yamhill,41071,1923,1.619,26
2020-04-29,Yamhill,41071,1838,1.506,24
2020-04-30,Yamhill,41071,2896,2.2640000000000002,36
2020-05-01,Yamhill,41071,2665,2.758,44
2020-05-02,Yamhill,41071,2724,0.474,7
2020-05-03,Yamhill,41071,2711,0.9470000000000001,15
2020-05-04,Yamhill,41071,1949,2.01,32
2020-05-05,Yamhill,41071,2000,2.283,37
2020-05-06,Yamhill,41071,1988,2.4819999999999998,40
2020-05-07,Yamhill,41071,1965,1.673,27
2020-05-08,Yamhill,41071,1948,2.338,37
2020-05-09,Yamhill,41071,1995,1.557,25
2020-05-10,Yamhill,41071,1936,0.514,8
2020-05-11,Yamhill,41071,1846,1.016,16
2020-05-12,Yamhill,41071,1922,1.454,23
2020-05-13,Yamhill,41071,1514,1.61,26
2020-05-14,Yamhill,41071,1500,2.345,38
2020-05-15,Yamhill,41071,2740,3.073,49
2020-05-16,Yamhill,41071,2836,1.6680000000000001,27
2020-05-17,Yamhill,41071,2917,0.768,12
2020-05-18,Yamhill,41071,2830,1.6380000000000001,26
2020-05-19,Yamhill,41071,2564,2.167,35
2020-05-20,Yamhill,41071,2759,2.8930000000000002,46
2020-05-21,Yamhill,41071,3032,3.594,58
2020-05-22,Yamhill,41071,2994,3.8,61
2020-05-23,Yamhill,41071,2881,2.693,43
